,PDB codes,kd difference
0,"1exd , 1il2",2992.9
1,"1exd , 1jbr",992.9
2,"1exd , 1je8",6.949999999999999
3,"1exd , 1knz",71.9
4,"1exd , 1omh",62.9
5,"1exd , 1osb",62.9
6,"1exd , 1rkj",1092.9
7,"1exd , 1s03",192.9
8,"1exd , 1s40",6.8
9,"1exd , 1u63",6.58
10,"1exd , 1u6p",67.9
11,"1exd , 1wwd",242.9
12,"1exd , 1wwe",162.9
13,"1exd , 1wwf",86.9
14,"1exd , 1wwg",87.9
15,"1exd , 1zzi",2192.9
16,"1exd , 2b6g",22.9
17,"1exd , 2err",6.01
18,"1exd , 2gkd",13992.9
19,"1exd , 2glo",22.9
20,"1exd , 2kh9",89992.9
21,"1exd , 2kkf",43992.9
22,"1exd , 2kx5",6.1
23,"1exd , 2l41",762992.9
24,"1exd , 2la5",3.3
25,"1exd , 2leb",262.9
26,"1exd , 2lec",212.9
27,"1exd , 2mki",15792.9
28,"1exd , 2mkk",1572.9
29,"1exd , 3moj",7.045999999999999
30,"1exd , 3rn2",104.9
31,"1exd , 4hid",847.9
32,"1exd , 4hik",16.9
33,"1exd , 4him",29.9
34,"1exd , 4hio",13.9
35,"1exd , 4hj5",55.9
36,"1exd , 4hj7",1.0999999999999996
37,"1exd , 4hj8",14.9
38,"1exd , 4pdb",102.9
39,"1exd , 5wwe",527.6999999999999
40,"1exd , 5wwg",212.70000000000002
41,"1exd , 5wzg",24.9
42,"1exd , 5wzj",5.9
43,"1exd , 5wzk",152.9
44,"1exd , 5z6z",38.14
45,"1exd , 6eo6",6.1
46,"1exd , 6eo7",6.71
47,"1exd , 5ytx",1332.9
48,"1exd , 5ytv",1252.9
49,"1exd , 5ytt",3762.9
50,"1exd , 5yts",2762.9
51,"1il2 , 1exd",2992.9
52,"1il2 , 1jbr",2000.0
53,"1il2 , 1je8",2999.85
54,"1il2 , 1knz",2921.0
55,"1il2 , 1omh",2930.0
56,"1il2 , 1osb",2930.0
57,"1il2 , 1rkj",1900.0
58,"1il2 , 1s03",2800.0
59,"1il2 , 1s40",2999.7
60,"1il2 , 1u63",2999.48
61,"1il2 , 1u6p",2925.0
62,"1il2 , 1wwd",2750.0
63,"1il2 , 1wwe",2830.0
64,"1il2 , 1wwf",2906.0
65,"1il2 , 1wwg",2905.0
66,"1il2 , 1zzi",800.0
67,"1il2 , 2b6g",2970.0
68,"1il2 , 2err",2998.91
69,"1il2 , 2gkd",11000.0
70,"1il2 , 2glo",2970.0
71,"1il2 , 2kh9",87000.0
72,"1il2 , 2kkf",41000.0
73,"1il2 , 2kx5",2999.0
74,"1il2 , 2l41",760000.0
75,"1il2 , 2la5",2996.2
76,"1il2 , 2leb",2730.0
77,"1il2 , 2lec",2780.0
78,"1il2 , 2mki",12800.0
79,"1il2 , 2mkk",1420.0
80,"1il2 , 3moj",2999.946
81,"1il2 , 3rn2",2888.0
82,"1il2 , 4hid",2145.0
83,"1il2 , 4hik",2976.0
84,"1il2 , 4him",2963.0
85,"1il2 , 4hio",2979.0
86,"1il2 , 4hj5",2937.0
87,"1il2 , 4hj7",2994.0
88,"1il2 , 4hj8",2978.0
89,"1il2 , 4pdb",2890.0
90,"1il2 , 5wwe",2465.2
91,"1il2 , 5wwg",2780.2
92,"1il2 , 5wzg",2968.0
93,"1il2 , 5wzj",2987.0
94,"1il2 , 5wzk",2840.0
95,"1il2 , 5z6z",2954.76
96,"1il2 , 6eo6",2999.0
97,"1il2 , 6eo7",2999.61
98,"1il2 , 5ytx",1660.0
99,"1il2 , 5ytv",1740.0
100,"1il2 , 5ytt",770.0
101,"1il2 , 5yts",230.0
102,"1jbr , 1exd",992.9
103,"1jbr , 1il2",2000.0
104,"1jbr , 1je8",999.85
105,"1jbr , 1knz",921.0
106,"1jbr , 1omh",930.0
107,"1jbr , 1osb",930.0
108,"1jbr , 1rkj",100.0
109,"1jbr , 1s03",800.0
110,"1jbr , 1s40",999.7
111,"1jbr , 1u63",999.48
112,"1jbr , 1u6p",925.0
113,"1jbr , 1wwd",750.0
114,"1jbr , 1wwe",830.0
115,"1jbr , 1wwf",906.0
116,"1jbr , 1wwg",905.0
117,"1jbr , 1zzi",1200.0
118,"1jbr , 2b6g",970.0
119,"1jbr , 2err",998.91
120,"1jbr , 2gkd",13000.0
121,"1jbr , 2glo",970.0
122,"1jbr , 2kh9",89000.0
123,"1jbr , 2kkf",43000.0
124,"1jbr , 2kx5",999.0
125,"1jbr , 2l41",762000.0
126,"1jbr , 2la5",996.2
127,"1jbr , 2leb",730.0
128,"1jbr , 2lec",780.0
129,"1jbr , 2mki",14800.0
130,"1jbr , 2mkk",580.0
131,"1jbr , 3moj",999.946
132,"1jbr , 3rn2",888.0
133,"1jbr , 4hid",145.0
134,"1jbr , 4hik",976.0
135,"1jbr , 4him",963.0
136,"1jbr , 4hio",979.0
137,"1jbr , 4hj5",937.0
138,"1jbr , 4hj7",994.0
139,"1jbr , 4hj8",978.0
140,"1jbr , 4pdb",890.0
141,"1jbr , 5wwe",465.20000000000005
142,"1jbr , 5wwg",780.2
143,"1jbr , 5wzg",968.0
144,"1jbr , 5wzj",987.0
145,"1jbr , 5wzk",840.0
146,"1jbr , 5z6z",954.76
147,"1jbr , 6eo6",999.0
148,"1jbr , 6eo7",999.61
149,"1jbr , 5ytx",340.0
150,"1jbr , 5ytv",260.0
151,"1jbr , 5ytt",2770.0
152,"1jbr , 5yts",1770.0
153,"1je8 , 1exd",6.949999999999999
154,"1je8 , 1il2",2999.85
155,"1je8 , 1jbr",999.85
156,"1je8 , 1knz",78.85
157,"1je8 , 1omh",69.85
158,"1je8 , 1osb",69.85
159,"1je8 , 1rkj",1099.85
160,"1je8 , 1s03",199.85
161,"1je8 , 1s40",0.15
162,"1je8 , 1u63",0.37
163,"1je8 , 1u6p",74.85
164,"1je8 , 1wwd",249.85
165,"1je8 , 1wwe",169.85
166,"1je8 , 1wwf",93.85
167,"1je8 , 1wwg",94.85
168,"1je8 , 1zzi",2199.85
169,"1je8 , 2b6g",29.85
170,"1je8 , 2err",0.9400000000000001
171,"1je8 , 2gkd",13999.85
172,"1je8 , 2glo",29.85
173,"1je8 , 2kh9",89999.85
174,"1je8 , 2kkf",43999.85
175,"1je8 , 2kx5",0.85
176,"1je8 , 2l41",762999.85
177,"1je8 , 2la5",3.65
178,"1je8 , 2leb",269.85
179,"1je8 , 2lec",219.85
180,"1je8 , 2mki",15799.85
181,"1je8 , 2mkk",1579.85
182,"1je8 , 3moj",0.096
183,"1je8 , 3rn2",111.85
184,"1je8 , 4hid",854.85
185,"1je8 , 4hik",23.85
186,"1je8 , 4him",36.85
187,"1je8 , 4hio",20.85
188,"1je8 , 4hj5",62.85
189,"1je8 , 4hj7",5.85
190,"1je8 , 4hj8",21.85
191,"1je8 , 4pdb",109.85
192,"1je8 , 5wwe",534.65
193,"1je8 , 5wwg",219.65
194,"1je8 , 5wzg",31.85
195,"1je8 , 5wzj",12.85
196,"1je8 , 5wzk",159.85
197,"1je8 , 5z6z",45.09
198,"1je8 , 6eo6",0.85
199,"1je8 , 6eo7",0.24000000000000002
200,"1je8 , 5ytx",1339.85
201,"1je8 , 5ytv",1259.85
202,"1je8 , 5ytt",3769.85
203,"1je8 , 5yts",2769.85
204,"1knz , 1exd",71.9
205,"1knz , 1il2",2921.0
206,"1knz , 1jbr",921.0
207,"1knz , 1je8",78.85
208,"1knz , 1omh",9.0
209,"1knz , 1osb",9.0
210,"1knz , 1rkj",1021.0
211,"1knz , 1s03",121.0
212,"1knz , 1s40",78.7
213,"1knz , 1u63",78.48
214,"1knz , 1u6p",4.0
215,"1knz , 1wwd",171.0
216,"1knz , 1wwe",91.0
217,"1knz , 1wwf",15.0
218,"1knz , 1wwg",16.0
219,"1knz , 1zzi",2121.0
220,"1knz , 2b6g",49.0
221,"1knz , 2err",77.91
222,"1knz , 2gkd",13921.0
223,"1knz , 2glo",49.0
224,"1knz , 2kh9",89921.0
225,"1knz , 2kkf",43921.0
226,"1knz , 2kx5",78.0
227,"1knz , 2l41",762921.0
228,"1knz , 2la5",75.2
229,"1knz , 2leb",191.0
230,"1knz , 2lec",141.0
231,"1knz , 2mki",15721.0
232,"1knz , 2mkk",1501.0
233,"1knz , 3moj",78.946
234,"1knz , 3rn2",33.0
235,"1knz , 4hid",776.0
236,"1knz , 4hik",55.0
237,"1knz , 4him",42.0
238,"1knz , 4hio",58.0
239,"1knz , 4hj5",16.0
240,"1knz , 4hj7",73.0
241,"1knz , 4hj8",57.0
242,"1knz , 4pdb",31.0
243,"1knz , 5wwe",455.79999999999995
244,"1knz , 5wwg",140.8
245,"1knz , 5wzg",47.0
246,"1knz , 5wzj",66.0
247,"1knz , 5wzk",81.0
248,"1knz , 5z6z",33.76
249,"1knz , 6eo6",78.0
250,"1knz , 6eo7",78.61
251,"1knz , 5ytx",1261.0
252,"1knz , 5ytv",1181.0
253,"1knz , 5ytt",3691.0
254,"1knz , 5yts",2691.0
255,"1omh , 1exd",62.9
256,"1omh , 1il2",2930.0
257,"1omh , 1jbr",930.0
258,"1omh , 1je8",69.85
259,"1omh , 1knz",9.0
260,"1omh , 1osb",0.0
261,"1omh , 1rkj",1030.0
262,"1omh , 1s03",130.0
263,"1omh , 1s40",69.7
264,"1omh , 1u63",69.48
265,"1omh , 1u6p",5.0
266,"1omh , 1wwd",180.0
267,"1omh , 1wwe",100.0
268,"1omh , 1wwf",24.0
269,"1omh , 1wwg",25.0
270,"1omh , 1zzi",2130.0
271,"1omh , 2b6g",40.0
272,"1omh , 2err",68.91
273,"1omh , 2gkd",13930.0
274,"1omh , 2glo",40.0
275,"1omh , 2kh9",89930.0
276,"1omh , 2kkf",43930.0
277,"1omh , 2kx5",69.0
278,"1omh , 2l41",762930.0
279,"1omh , 2la5",66.2
280,"1omh , 2leb",200.0
281,"1omh , 2lec",150.0
282,"1omh , 2mki",15730.0
283,"1omh , 2mkk",1510.0
284,"1omh , 3moj",69.946
285,"1omh , 3rn2",42.0
286,"1omh , 4hid",785.0
287,"1omh , 4hik",46.0
288,"1omh , 4him",33.0
289,"1omh , 4hio",49.0
290,"1omh , 4hj5",7.0
291,"1omh , 4hj7",64.0
292,"1omh , 4hj8",48.0
293,"1omh , 4pdb",40.0
294,"1omh , 5wwe",464.79999999999995
295,"1omh , 5wwg",149.8
296,"1omh , 5wzg",38.0
297,"1omh , 5wzj",57.0
298,"1omh , 5wzk",90.0
299,"1omh , 5z6z",24.759999999999998
300,"1omh , 6eo6",69.0
301,"1omh , 6eo7",69.61
302,"1omh , 5ytx",1270.0
303,"1omh , 5ytv",1190.0
304,"1omh , 5ytt",3700.0
305,"1omh , 5yts",2700.0
306,"1osb , 1exd",62.9
307,"1osb , 1il2",2930.0
308,"1osb , 1jbr",930.0
309,"1osb , 1je8",69.85
310,"1osb , 1knz",9.0
311,"1osb , 1omh",0.0
312,"1osb , 1rkj",1030.0
313,"1osb , 1s03",130.0
314,"1osb , 1s40",69.7
315,"1osb , 1u63",69.48
316,"1osb , 1u6p",5.0
317,"1osb , 1wwd",180.0
318,"1osb , 1wwe",100.0
319,"1osb , 1wwf",24.0
320,"1osb , 1wwg",25.0
321,"1osb , 1zzi",2130.0
322,"1osb , 2b6g",40.0
323,"1osb , 2err",68.91
324,"1osb , 2gkd",13930.0
325,"1osb , 2glo",40.0
326,"1osb , 2kh9",89930.0
327,"1osb , 2kkf",43930.0
328,"1osb , 2kx5",69.0
329,"1osb , 2l41",762930.0
330,"1osb , 2la5",66.2
331,"1osb , 2leb",200.0
332,"1osb , 2lec",150.0
333,"1osb , 2mki",15730.0
334,"1osb , 2mkk",1510.0
335,"1osb , 3moj",69.946
336,"1osb , 3rn2",42.0
337,"1osb , 4hid",785.0
338,"1osb , 4hik",46.0
339,"1osb , 4him",33.0
340,"1osb , 4hio",49.0
341,"1osb , 4hj5",7.0
342,"1osb , 4hj7",64.0
343,"1osb , 4hj8",48.0
344,"1osb , 4pdb",40.0
345,"1osb , 5wwe",464.79999999999995
346,"1osb , 5wwg",149.8
347,"1osb , 5wzg",38.0
348,"1osb , 5wzj",57.0
349,"1osb , 5wzk",90.0
350,"1osb , 5z6z",24.759999999999998
351,"1osb , 6eo6",69.0
352,"1osb , 6eo7",69.61
353,"1osb , 5ytx",1270.0
354,"1osb , 5ytv",1190.0
355,"1osb , 5ytt",3700.0
356,"1osb , 5yts",2700.0
357,"1rkj , 1exd",1092.9
358,"1rkj , 1il2",1900.0
359,"1rkj , 1jbr",100.0
360,"1rkj , 1je8",1099.85
361,"1rkj , 1knz",1021.0
362,"1rkj , 1omh",1030.0
363,"1rkj , 1osb",1030.0
364,"1rkj , 1s03",900.0
365,"1rkj , 1s40",1099.7
366,"1rkj , 1u63",1099.48
367,"1rkj , 1u6p",1025.0
368,"1rkj , 1wwd",850.0
369,"1rkj , 1wwe",930.0
370,"1rkj , 1wwf",1006.0
371,"1rkj , 1wwg",1005.0
372,"1rkj , 1zzi",1100.0
373,"1rkj , 2b6g",1070.0
374,"1rkj , 2err",1098.91
375,"1rkj , 2gkd",12900.0
376,"1rkj , 2glo",1070.0
377,"1rkj , 2kh9",88900.0
378,"1rkj , 2kkf",42900.0
379,"1rkj , 2kx5",1099.0
380,"1rkj , 2l41",761900.0
381,"1rkj , 2la5",1096.2
382,"1rkj , 2leb",830.0
383,"1rkj , 2lec",880.0
384,"1rkj , 2mki",14700.0
385,"1rkj , 2mkk",480.0
386,"1rkj , 3moj",1099.946
387,"1rkj , 3rn2",988.0
388,"1rkj , 4hid",245.0
389,"1rkj , 4hik",1076.0
390,"1rkj , 4him",1063.0
391,"1rkj , 4hio",1079.0
392,"1rkj , 4hj5",1037.0
393,"1rkj , 4hj7",1094.0
394,"1rkj , 4hj8",1078.0
395,"1rkj , 4pdb",990.0
396,"1rkj , 5wwe",565.2
397,"1rkj , 5wwg",880.2
398,"1rkj , 5wzg",1068.0
399,"1rkj , 5wzj",1087.0
400,"1rkj , 5wzk",940.0
401,"1rkj , 5z6z",1054.76
402,"1rkj , 6eo6",1099.0
403,"1rkj , 6eo7",1099.61
404,"1rkj , 5ytx",240.0
405,"1rkj , 5ytv",160.0
406,"1rkj , 5ytt",2670.0
407,"1rkj , 5yts",1670.0
408,"1s03 , 1exd",192.9
409,"1s03 , 1il2",2800.0
410,"1s03 , 1jbr",800.0
411,"1s03 , 1je8",199.85
412,"1s03 , 1knz",121.0
413,"1s03 , 1omh",130.0
414,"1s03 , 1osb",130.0
415,"1s03 , 1rkj",900.0
416,"1s03 , 1s40",199.7
417,"1s03 , 1u63",199.48
418,"1s03 , 1u6p",125.0
419,"1s03 , 1wwd",50.0
420,"1s03 , 1wwe",30.0
421,"1s03 , 1wwf",106.0
422,"1s03 , 1wwg",105.0
423,"1s03 , 1zzi",2000.0
424,"1s03 , 2b6g",170.0
425,"1s03 , 2err",198.91
426,"1s03 , 2gkd",13800.0
427,"1s03 , 2glo",170.0
428,"1s03 , 2kh9",89800.0
429,"1s03 , 2kkf",43800.0
430,"1s03 , 2kx5",199.0
431,"1s03 , 2l41",762800.0
432,"1s03 , 2la5",196.2
433,"1s03 , 2leb",70.0
434,"1s03 , 2lec",20.0
435,"1s03 , 2mki",15600.0
436,"1s03 , 2mkk",1380.0
437,"1s03 , 3moj",199.946
438,"1s03 , 3rn2",88.0
439,"1s03 , 4hid",655.0
440,"1s03 , 4hik",176.0
441,"1s03 , 4him",163.0
442,"1s03 , 4hio",179.0
443,"1s03 , 4hj5",137.0
444,"1s03 , 4hj7",194.0
445,"1s03 , 4hj8",178.0
446,"1s03 , 4pdb",90.0
447,"1s03 , 5wwe",334.79999999999995
448,"1s03 , 5wwg",19.80000000000001
449,"1s03 , 5wzg",168.0
450,"1s03 , 5wzj",187.0
451,"1s03 , 5wzk",40.0
452,"1s03 , 5z6z",154.76
453,"1s03 , 6eo6",199.0
454,"1s03 , 6eo7",199.61
455,"1s03 , 5ytx",1140.0
456,"1s03 , 5ytv",1060.0
457,"1s03 , 5ytt",3570.0
458,"1s03 , 5yts",2570.0
459,"1s40 , 1exd",6.8
460,"1s40 , 1il2",2999.7
461,"1s40 , 1jbr",999.7
462,"1s40 , 1je8",0.15
463,"1s40 , 1knz",78.7
464,"1s40 , 1omh",69.7
465,"1s40 , 1osb",69.7
466,"1s40 , 1rkj",1099.7
467,"1s40 , 1s03",199.7
468,"1s40 , 1u63",0.22000000000000003
469,"1s40 , 1u6p",74.7
470,"1s40 , 1wwd",249.7
471,"1s40 , 1wwe",169.7
472,"1s40 , 1wwf",93.7
473,"1s40 , 1wwg",94.7
474,"1s40 , 1zzi",2199.7
475,"1s40 , 2b6g",29.7
476,"1s40 , 2err",0.79
477,"1s40 , 2gkd",13999.7
478,"1s40 , 2glo",29.7
479,"1s40 , 2kh9",89999.7
480,"1s40 , 2kkf",43999.7
481,"1s40 , 2kx5",0.7
482,"1s40 , 2l41",762999.7
483,"1s40 , 2la5",3.5
484,"1s40 , 2leb",269.7
485,"1s40 , 2lec",219.7
486,"1s40 , 2mki",15799.7
487,"1s40 , 2mkk",1579.7
488,"1s40 , 3moj",0.246
489,"1s40 , 3rn2",111.7
490,"1s40 , 4hid",854.7
491,"1s40 , 4hik",23.7
492,"1s40 , 4him",36.7
493,"1s40 , 4hio",20.7
494,"1s40 , 4hj5",62.7
495,"1s40 , 4hj7",5.7
496,"1s40 , 4hj8",21.7
497,"1s40 , 4pdb",109.7
498,"1s40 , 5wwe",534.5
499,"1s40 , 5wwg",219.5
500,"1s40 , 5wzg",31.7
501,"1s40 , 5wzj",12.7
502,"1s40 , 5wzk",159.7
503,"1s40 , 5z6z",44.940000000000005
504,"1s40 , 6eo6",0.7
505,"1s40 , 6eo7",0.09000000000000002
506,"1s40 , 5ytx",1339.7
507,"1s40 , 5ytv",1259.7
508,"1s40 , 5ytt",3769.7
509,"1s40 , 5yts",2769.7
510,"1u63 , 1exd",6.58
511,"1u63 , 1il2",2999.48
512,"1u63 , 1jbr",999.48
513,"1u63 , 1je8",0.37
514,"1u63 , 1knz",78.48
515,"1u63 , 1omh",69.48
516,"1u63 , 1osb",69.48
517,"1u63 , 1rkj",1099.48
518,"1u63 , 1s03",199.48
519,"1u63 , 1s40",0.22000000000000003
520,"1u63 , 1u6p",74.48
521,"1u63 , 1wwd",249.48
522,"1u63 , 1wwe",169.48
523,"1u63 , 1wwf",93.48
524,"1u63 , 1wwg",94.48
525,"1u63 , 1zzi",2199.48
526,"1u63 , 2b6g",29.48
527,"1u63 , 2err",0.5700000000000001
528,"1u63 , 2gkd",13999.48
529,"1u63 , 2glo",29.48
530,"1u63 , 2kh9",89999.48
531,"1u63 , 2kkf",43999.48
532,"1u63 , 2kx5",0.48
533,"1u63 , 2l41",762999.48
534,"1u63 , 2la5",3.28
535,"1u63 , 2leb",269.48
536,"1u63 , 2lec",219.48
537,"1u63 , 2mki",15799.48
538,"1u63 , 2mkk",1579.48
539,"1u63 , 3moj",0.466
540,"1u63 , 3rn2",111.48
541,"1u63 , 4hid",854.48
542,"1u63 , 4hik",23.48
543,"1u63 , 4him",36.48
544,"1u63 , 4hio",20.48
545,"1u63 , 4hj5",62.48
546,"1u63 , 4hj7",5.48
547,"1u63 , 4hj8",21.48
548,"1u63 , 4pdb",109.48
549,"1u63 , 5wwe",534.28
550,"1u63 , 5wwg",219.28
551,"1u63 , 5wzg",31.48
552,"1u63 , 5wzj",12.48
553,"1u63 , 5wzk",159.48
554,"1u63 , 5z6z",44.72
555,"1u63 , 6eo6",0.48
556,"1u63 , 6eo7",0.13
557,"1u63 , 5ytx",1339.48
558,"1u63 , 5ytv",1259.48
559,"1u63 , 5ytt",3769.48
560,"1u63 , 5yts",2769.48
561,"1u6p , 1exd",67.9
562,"1u6p , 1il2",2925.0
563,"1u6p , 1jbr",925.0
564,"1u6p , 1je8",74.85
565,"1u6p , 1knz",4.0
566,"1u6p , 1omh",5.0
567,"1u6p , 1osb",5.0
568,"1u6p , 1rkj",1025.0
569,"1u6p , 1s03",125.0
570,"1u6p , 1s40",74.7
571,"1u6p , 1u63",74.48
572,"1u6p , 1wwd",175.0
573,"1u6p , 1wwe",95.0
574,"1u6p , 1wwf",19.0
575,"1u6p , 1wwg",20.0
576,"1u6p , 1zzi",2125.0
577,"1u6p , 2b6g",45.0
578,"1u6p , 2err",73.91
579,"1u6p , 2gkd",13925.0
580,"1u6p , 2glo",45.0
581,"1u6p , 2kh9",89925.0
582,"1u6p , 2kkf",43925.0
583,"1u6p , 2kx5",74.0
584,"1u6p , 2l41",762925.0
585,"1u6p , 2la5",71.2
586,"1u6p , 2leb",195.0
587,"1u6p , 2lec",145.0
588,"1u6p , 2mki",15725.0
589,"1u6p , 2mkk",1505.0
590,"1u6p , 3moj",74.946
591,"1u6p , 3rn2",37.0
592,"1u6p , 4hid",780.0
593,"1u6p , 4hik",51.0
594,"1u6p , 4him",38.0
595,"1u6p , 4hio",54.0
596,"1u6p , 4hj5",12.0
597,"1u6p , 4hj7",69.0
598,"1u6p , 4hj8",53.0
599,"1u6p , 4pdb",35.0
600,"1u6p , 5wwe",459.79999999999995
601,"1u6p , 5wwg",144.8
602,"1u6p , 5wzg",43.0
603,"1u6p , 5wzj",62.0
604,"1u6p , 5wzk",85.0
605,"1u6p , 5z6z",29.759999999999998
606,"1u6p , 6eo6",74.0
607,"1u6p , 6eo7",74.61
608,"1u6p , 5ytx",1265.0
609,"1u6p , 5ytv",1185.0
610,"1u6p , 5ytt",3695.0
611,"1u6p , 5yts",2695.0
612,"1wwd , 1exd",242.9
613,"1wwd , 1il2",2750.0
614,"1wwd , 1jbr",750.0
615,"1wwd , 1je8",249.85
616,"1wwd , 1knz",171.0
617,"1wwd , 1omh",180.0
618,"1wwd , 1osb",180.0
619,"1wwd , 1rkj",850.0
620,"1wwd , 1s03",50.0
621,"1wwd , 1s40",249.7
622,"1wwd , 1u63",249.48
623,"1wwd , 1u6p",175.0
624,"1wwd , 1wwe",80.0
625,"1wwd , 1wwf",156.0
626,"1wwd , 1wwg",155.0
627,"1wwd , 1zzi",1950.0
628,"1wwd , 2b6g",220.0
629,"1wwd , 2err",248.91
630,"1wwd , 2gkd",13750.0
631,"1wwd , 2glo",220.0
632,"1wwd , 2kh9",89750.0
633,"1wwd , 2kkf",43750.0
634,"1wwd , 2kx5",249.0
635,"1wwd , 2l41",762750.0
636,"1wwd , 2la5",246.2
637,"1wwd , 2leb",20.0
638,"1wwd , 2lec",30.0
639,"1wwd , 2mki",15550.0
640,"1wwd , 2mkk",1330.0
641,"1wwd , 3moj",249.946
642,"1wwd , 3rn2",138.0
643,"1wwd , 4hid",605.0
644,"1wwd , 4hik",226.0
645,"1wwd , 4him",213.0
646,"1wwd , 4hio",229.0
647,"1wwd , 4hj5",187.0
648,"1wwd , 4hj7",244.0
649,"1wwd , 4hj8",228.0
650,"1wwd , 4pdb",140.0
651,"1wwd , 5wwe",284.79999999999995
652,"1wwd , 5wwg",30.19999999999999
653,"1wwd , 5wzg",218.0
654,"1wwd , 5wzj",237.0
655,"1wwd , 5wzk",90.0
656,"1wwd , 5z6z",204.76
657,"1wwd , 6eo6",249.0
658,"1wwd , 6eo7",249.61
659,"1wwd , 5ytx",1090.0
660,"1wwd , 5ytv",1010.0
661,"1wwd , 5ytt",3520.0
662,"1wwd , 5yts",2520.0
663,"1wwe , 1exd",162.9
664,"1wwe , 1il2",2830.0
665,"1wwe , 1jbr",830.0
666,"1wwe , 1je8",169.85
667,"1wwe , 1knz",91.0
668,"1wwe , 1omh",100.0
669,"1wwe , 1osb",100.0
670,"1wwe , 1rkj",930.0
671,"1wwe , 1s03",30.0
672,"1wwe , 1s40",169.7
673,"1wwe , 1u63",169.48
674,"1wwe , 1u6p",95.0
675,"1wwe , 1wwd",80.0
676,"1wwe , 1wwf",76.0
677,"1wwe , 1wwg",75.0
678,"1wwe , 1zzi",2030.0
679,"1wwe , 2b6g",140.0
680,"1wwe , 2err",168.91
681,"1wwe , 2gkd",13830.0
682,"1wwe , 2glo",140.0
683,"1wwe , 2kh9",89830.0
684,"1wwe , 2kkf",43830.0
685,"1wwe , 2kx5",169.0
686,"1wwe , 2l41",762830.0
687,"1wwe , 2la5",166.2
688,"1wwe , 2leb",100.0
689,"1wwe , 2lec",50.0
690,"1wwe , 2mki",15630.0
691,"1wwe , 2mkk",1410.0
692,"1wwe , 3moj",169.946
693,"1wwe , 3rn2",58.0
694,"1wwe , 4hid",685.0
695,"1wwe , 4hik",146.0
696,"1wwe , 4him",133.0
697,"1wwe , 4hio",149.0
698,"1wwe , 4hj5",107.0
699,"1wwe , 4hj7",164.0
700,"1wwe , 4hj8",148.0
701,"1wwe , 4pdb",60.0
702,"1wwe , 5wwe",364.79999999999995
703,"1wwe , 5wwg",49.80000000000001
704,"1wwe , 5wzg",138.0
705,"1wwe , 5wzj",157.0
706,"1wwe , 5wzk",10.0
707,"1wwe , 5z6z",124.75999999999999
708,"1wwe , 6eo6",169.0
709,"1wwe , 6eo7",169.61
710,"1wwe , 5ytx",1170.0
711,"1wwe , 5ytv",1090.0
712,"1wwe , 5ytt",3600.0
713,"1wwe , 5yts",2600.0
714,"1wwf , 1exd",86.9
715,"1wwf , 1il2",2906.0
716,"1wwf , 1jbr",906.0
717,"1wwf , 1je8",93.85
718,"1wwf , 1knz",15.0
719,"1wwf , 1omh",24.0
720,"1wwf , 1osb",24.0
721,"1wwf , 1rkj",1006.0
722,"1wwf , 1s03",106.0
723,"1wwf , 1s40",93.7
724,"1wwf , 1u63",93.48
725,"1wwf , 1u6p",19.0
726,"1wwf , 1wwd",156.0
727,"1wwf , 1wwe",76.0
728,"1wwf , 1wwg",1.0
729,"1wwf , 1zzi",2106.0
730,"1wwf , 2b6g",64.0
731,"1wwf , 2err",92.91
732,"1wwf , 2gkd",13906.0
733,"1wwf , 2glo",64.0
734,"1wwf , 2kh9",89906.0
735,"1wwf , 2kkf",43906.0
736,"1wwf , 2kx5",93.0
737,"1wwf , 2l41",762906.0
738,"1wwf , 2la5",90.2
739,"1wwf , 2leb",176.0
740,"1wwf , 2lec",126.0
741,"1wwf , 2mki",15706.0
742,"1wwf , 2mkk",1486.0
743,"1wwf , 3moj",93.946
744,"1wwf , 3rn2",18.0
745,"1wwf , 4hid",761.0
746,"1wwf , 4hik",70.0
747,"1wwf , 4him",57.0
748,"1wwf , 4hio",73.0
749,"1wwf , 4hj5",31.0
750,"1wwf , 4hj7",88.0
751,"1wwf , 4hj8",72.0
752,"1wwf , 4pdb",16.0
753,"1wwf , 5wwe",440.79999999999995
754,"1wwf , 5wwg",125.80000000000001
755,"1wwf , 5wzg",62.0
756,"1wwf , 5wzj",81.0
757,"1wwf , 5wzk",66.0
758,"1wwf , 5z6z",48.76
759,"1wwf , 6eo6",93.0
760,"1wwf , 6eo7",93.61
761,"1wwf , 5ytx",1246.0
762,"1wwf , 5ytv",1166.0
763,"1wwf , 5ytt",3676.0
764,"1wwf , 5yts",2676.0
765,"1wwg , 1exd",87.9
766,"1wwg , 1il2",2905.0
767,"1wwg , 1jbr",905.0
768,"1wwg , 1je8",94.85
769,"1wwg , 1knz",16.0
770,"1wwg , 1omh",25.0
771,"1wwg , 1osb",25.0
772,"1wwg , 1rkj",1005.0
773,"1wwg , 1s03",105.0
774,"1wwg , 1s40",94.7
775,"1wwg , 1u63",94.48
776,"1wwg , 1u6p",20.0
777,"1wwg , 1wwd",155.0
778,"1wwg , 1wwe",75.0
779,"1wwg , 1wwf",1.0
780,"1wwg , 1zzi",2105.0
781,"1wwg , 2b6g",65.0
782,"1wwg , 2err",93.91
783,"1wwg , 2gkd",13905.0
784,"1wwg , 2glo",65.0
785,"1wwg , 2kh9",89905.0
786,"1wwg , 2kkf",43905.0
787,"1wwg , 2kx5",94.0
788,"1wwg , 2l41",762905.0
789,"1wwg , 2la5",91.2
790,"1wwg , 2leb",175.0
791,"1wwg , 2lec",125.0
792,"1wwg , 2mki",15705.0
793,"1wwg , 2mkk",1485.0
794,"1wwg , 3moj",94.946
795,"1wwg , 3rn2",17.0
796,"1wwg , 4hid",760.0
797,"1wwg , 4hik",71.0
798,"1wwg , 4him",58.0
799,"1wwg , 4hio",74.0
800,"1wwg , 4hj5",32.0
801,"1wwg , 4hj7",89.0
802,"1wwg , 4hj8",73.0
803,"1wwg , 4pdb",15.0
804,"1wwg , 5wwe",439.79999999999995
805,"1wwg , 5wwg",124.80000000000001
806,"1wwg , 5wzg",63.0
807,"1wwg , 5wzj",82.0
808,"1wwg , 5wzk",65.0
809,"1wwg , 5z6z",49.76
810,"1wwg , 6eo6",94.0
811,"1wwg , 6eo7",94.61
812,"1wwg , 5ytx",1245.0
813,"1wwg , 5ytv",1165.0
814,"1wwg , 5ytt",3675.0
815,"1wwg , 5yts",2675.0
816,"1zzi , 1exd",2192.9
817,"1zzi , 1il2",800.0
818,"1zzi , 1jbr",1200.0
819,"1zzi , 1je8",2199.85
820,"1zzi , 1knz",2121.0
821,"1zzi , 1omh",2130.0
822,"1zzi , 1osb",2130.0
823,"1zzi , 1rkj",1100.0
824,"1zzi , 1s03",2000.0
825,"1zzi , 1s40",2199.7
826,"1zzi , 1u63",2199.48
827,"1zzi , 1u6p",2125.0
828,"1zzi , 1wwd",1950.0
829,"1zzi , 1wwe",2030.0
830,"1zzi , 1wwf",2106.0
831,"1zzi , 1wwg",2105.0
832,"1zzi , 2b6g",2170.0
833,"1zzi , 2err",2198.91
834,"1zzi , 2gkd",11800.0
835,"1zzi , 2glo",2170.0
836,"1zzi , 2kh9",87800.0
837,"1zzi , 2kkf",41800.0
838,"1zzi , 2kx5",2199.0
839,"1zzi , 2l41",760800.0
840,"1zzi , 2la5",2196.2
841,"1zzi , 2leb",1930.0
842,"1zzi , 2lec",1980.0
843,"1zzi , 2mki",13600.0
844,"1zzi , 2mkk",620.0
845,"1zzi , 3moj",2199.946
846,"1zzi , 3rn2",2088.0
847,"1zzi , 4hid",1345.0
848,"1zzi , 4hik",2176.0
849,"1zzi , 4him",2163.0
850,"1zzi , 4hio",2179.0
851,"1zzi , 4hj5",2137.0
852,"1zzi , 4hj7",2194.0
853,"1zzi , 4hj8",2178.0
854,"1zzi , 4pdb",2090.0
855,"1zzi , 5wwe",1665.2
856,"1zzi , 5wwg",1980.2
857,"1zzi , 5wzg",2168.0
858,"1zzi , 5wzj",2187.0
859,"1zzi , 5wzk",2040.0
860,"1zzi , 5z6z",2154.76
861,"1zzi , 6eo6",2199.0
862,"1zzi , 6eo7",2199.61
863,"1zzi , 5ytx",860.0
864,"1zzi , 5ytv",940.0
865,"1zzi , 5ytt",1570.0
866,"1zzi , 5yts",570.0
867,"2b6g , 1exd",22.9
868,"2b6g , 1il2",2970.0
869,"2b6g , 1jbr",970.0
870,"2b6g , 1je8",29.85
871,"2b6g , 1knz",49.0
872,"2b6g , 1omh",40.0
873,"2b6g , 1osb",40.0
874,"2b6g , 1rkj",1070.0
875,"2b6g , 1s03",170.0
876,"2b6g , 1s40",29.7
877,"2b6g , 1u63",29.48
878,"2b6g , 1u6p",45.0
879,"2b6g , 1wwd",220.0
880,"2b6g , 1wwe",140.0
881,"2b6g , 1wwf",64.0
882,"2b6g , 1wwg",65.0
883,"2b6g , 1zzi",2170.0
884,"2b6g , 2err",28.91
885,"2b6g , 2gkd",13970.0
886,"2b6g , 2glo",0.0
887,"2b6g , 2kh9",89970.0
888,"2b6g , 2kkf",43970.0
889,"2b6g , 2kx5",29.0
890,"2b6g , 2l41",762970.0
891,"2b6g , 2la5",26.2
892,"2b6g , 2leb",240.0
893,"2b6g , 2lec",190.0
894,"2b6g , 2mki",15770.0
895,"2b6g , 2mkk",1550.0
896,"2b6g , 3moj",29.946
897,"2b6g , 3rn2",82.0
898,"2b6g , 4hid",825.0
899,"2b6g , 4hik",6.0
900,"2b6g , 4him",7.0
901,"2b6g , 4hio",9.0
902,"2b6g , 4hj5",33.0
903,"2b6g , 4hj7",24.0
904,"2b6g , 4hj8",8.0
905,"2b6g , 4pdb",80.0
906,"2b6g , 5wwe",504.79999999999995
907,"2b6g , 5wwg",189.8
908,"2b6g , 5wzg",2.0
909,"2b6g , 5wzj",17.0
910,"2b6g , 5wzk",130.0
911,"2b6g , 5z6z",15.240000000000002
912,"2b6g , 6eo6",29.0
913,"2b6g , 6eo7",29.61
914,"2b6g , 5ytx",1310.0
915,"2b6g , 5ytv",1230.0
916,"2b6g , 5ytt",3740.0
917,"2b6g , 5yts",2740.0
918,"2err , 1exd",6.01
919,"2err , 1il2",2998.91
920,"2err , 1jbr",998.91
921,"2err , 1je8",0.9400000000000001
922,"2err , 1knz",77.91
923,"2err , 1omh",68.91
924,"2err , 1osb",68.91
925,"2err , 1rkj",1098.91
926,"2err , 1s03",198.91
927,"2err , 1s40",0.79
928,"2err , 1u63",0.5700000000000001
929,"2err , 1u6p",73.91
930,"2err , 1wwd",248.91
931,"2err , 1wwe",168.91
932,"2err , 1wwf",92.91
933,"2err , 1wwg",93.91
934,"2err , 1zzi",2198.91
935,"2err , 2b6g",28.91
936,"2err , 2gkd",13998.91
937,"2err , 2glo",28.91
938,"2err , 2kh9",89998.91
939,"2err , 2kkf",43998.91
940,"2err , 2kx5",0.09000000000000008
941,"2err , 2l41",762998.91
942,"2err , 2la5",2.71
943,"2err , 2leb",268.91
944,"2err , 2lec",218.91
945,"2err , 2mki",15798.91
946,"2err , 2mkk",1578.91
947,"2err , 3moj",1.036
948,"2err , 3rn2",110.91
949,"2err , 4hid",853.91
950,"2err , 4hik",22.91
951,"2err , 4him",35.91
952,"2err , 4hio",19.91
953,"2err , 4hj5",61.91
954,"2err , 4hj7",4.91
955,"2err , 4hj8",20.91
956,"2err , 4pdb",108.91
957,"2err , 5wwe",533.7099999999999
958,"2err , 5wwg",218.71
959,"2err , 5wzg",30.91
960,"2err , 5wzj",11.91
961,"2err , 5wzk",158.91
962,"2err , 5z6z",44.15
963,"2err , 6eo6",0.09000000000000008
964,"2err , 6eo7",0.7000000000000001
965,"2err , 5ytx",1338.91
966,"2err , 5ytv",1258.91
967,"2err , 5ytt",3768.91
968,"2err , 5yts",2768.91
969,"2gkd , 1exd",13992.9
970,"2gkd , 1il2",11000.0
971,"2gkd , 1jbr",13000.0
972,"2gkd , 1je8",13999.85
973,"2gkd , 1knz",13921.0
974,"2gkd , 1omh",13930.0
975,"2gkd , 1osb",13930.0
976,"2gkd , 1rkj",12900.0
977,"2gkd , 1s03",13800.0
978,"2gkd , 1s40",13999.7
979,"2gkd , 1u63",13999.48
980,"2gkd , 1u6p",13925.0
981,"2gkd , 1wwd",13750.0
982,"2gkd , 1wwe",13830.0
983,"2gkd , 1wwf",13906.0
984,"2gkd , 1wwg",13905.0
985,"2gkd , 1zzi",11800.0
986,"2gkd , 2b6g",13970.0
987,"2gkd , 2err",13998.91
988,"2gkd , 2glo",13970.0
989,"2gkd , 2kh9",76000.0
990,"2gkd , 2kkf",30000.0
991,"2gkd , 2kx5",13999.0
992,"2gkd , 2l41",749000.0
993,"2gkd , 2la5",13996.2
994,"2gkd , 2leb",13730.0
995,"2gkd , 2lec",13780.0
996,"2gkd , 2mki",1800.0
997,"2gkd , 2mkk",12420.0
998,"2gkd , 3moj",13999.946
999,"2gkd , 3rn2",13888.0
1000,"2gkd , 4hid",13145.0
1001,"2gkd , 4hik",13976.0
1002,"2gkd , 4him",13963.0
1003,"2gkd , 4hio",13979.0
1004,"2gkd , 4hj5",13937.0
1005,"2gkd , 4hj7",13994.0
1006,"2gkd , 4hj8",13978.0
1007,"2gkd , 4pdb",13890.0
1008,"2gkd , 5wwe",13465.2
1009,"2gkd , 5wwg",13780.2
1010,"2gkd , 5wzg",13968.0
1011,"2gkd , 5wzj",13987.0
1012,"2gkd , 5wzk",13840.0
1013,"2gkd , 5z6z",13954.76
1014,"2gkd , 6eo6",13999.0
1015,"2gkd , 6eo7",13999.61
1016,"2gkd , 5ytx",12660.0
1017,"2gkd , 5ytv",12740.0
1018,"2gkd , 5ytt",10230.0
1019,"2gkd , 5yts",11230.0
1020,"2glo , 1exd",22.9
1021,"2glo , 1il2",2970.0
1022,"2glo , 1jbr",970.0
1023,"2glo , 1je8",29.85
1024,"2glo , 1knz",49.0
1025,"2glo , 1omh",40.0
1026,"2glo , 1osb",40.0
1027,"2glo , 1rkj",1070.0
1028,"2glo , 1s03",170.0
1029,"2glo , 1s40",29.7
1030,"2glo , 1u63",29.48
1031,"2glo , 1u6p",45.0
1032,"2glo , 1wwd",220.0
1033,"2glo , 1wwe",140.0
1034,"2glo , 1wwf",64.0
1035,"2glo , 1wwg",65.0
1036,"2glo , 1zzi",2170.0
1037,"2glo , 2b6g",0.0
1038,"2glo , 2err",28.91
1039,"2glo , 2gkd",13970.0
1040,"2glo , 2kh9",89970.0
1041,"2glo , 2kkf",43970.0
1042,"2glo , 2kx5",29.0
1043,"2glo , 2l41",762970.0
1044,"2glo , 2la5",26.2
1045,"2glo , 2leb",240.0
1046,"2glo , 2lec",190.0
1047,"2glo , 2mki",15770.0
1048,"2glo , 2mkk",1550.0
1049,"2glo , 3moj",29.946
1050,"2glo , 3rn2",82.0
1051,"2glo , 4hid",825.0
1052,"2glo , 4hik",6.0
1053,"2glo , 4him",7.0
1054,"2glo , 4hio",9.0
1055,"2glo , 4hj5",33.0
1056,"2glo , 4hj7",24.0
1057,"2glo , 4hj8",8.0
1058,"2glo , 4pdb",80.0
1059,"2glo , 5wwe",504.79999999999995
1060,"2glo , 5wwg",189.8
1061,"2glo , 5wzg",2.0
1062,"2glo , 5wzj",17.0
1063,"2glo , 5wzk",130.0
1064,"2glo , 5z6z",15.240000000000002
1065,"2glo , 6eo6",29.0
1066,"2glo , 6eo7",29.61
1067,"2glo , 5ytx",1310.0
1068,"2glo , 5ytv",1230.0
1069,"2glo , 5ytt",3740.0
1070,"2glo , 5yts",2740.0
1071,"2kh9 , 1exd",89992.9
1072,"2kh9 , 1il2",87000.0
1073,"2kh9 , 1jbr",89000.0
1074,"2kh9 , 1je8",89999.85
1075,"2kh9 , 1knz",89921.0
1076,"2kh9 , 1omh",89930.0
1077,"2kh9 , 1osb",89930.0
1078,"2kh9 , 1rkj",88900.0
1079,"2kh9 , 1s03",89800.0
1080,"2kh9 , 1s40",89999.7
1081,"2kh9 , 1u63",89999.48
1082,"2kh9 , 1u6p",89925.0
1083,"2kh9 , 1wwd",89750.0
1084,"2kh9 , 1wwe",89830.0
1085,"2kh9 , 1wwf",89906.0
1086,"2kh9 , 1wwg",89905.0
1087,"2kh9 , 1zzi",87800.0
1088,"2kh9 , 2b6g",89970.0
1089,"2kh9 , 2err",89998.91
1090,"2kh9 , 2gkd",76000.0
1091,"2kh9 , 2glo",89970.0
1092,"2kh9 , 2kkf",46000.0
1093,"2kh9 , 2kx5",89999.0
1094,"2kh9 , 2l41",673000.0
1095,"2kh9 , 2la5",89996.2
1096,"2kh9 , 2leb",89730.0
1097,"2kh9 , 2lec",89780.0
1098,"2kh9 , 2mki",74200.0
1099,"2kh9 , 2mkk",88420.0
1100,"2kh9 , 3moj",89999.946
1101,"2kh9 , 3rn2",89888.0
1102,"2kh9 , 4hid",89145.0
1103,"2kh9 , 4hik",89976.0
1104,"2kh9 , 4him",89963.0
1105,"2kh9 , 4hio",89979.0
1106,"2kh9 , 4hj5",89937.0
1107,"2kh9 , 4hj7",89994.0
1108,"2kh9 , 4hj8",89978.0
1109,"2kh9 , 4pdb",89890.0
1110,"2kh9 , 5wwe",89465.2
1111,"2kh9 , 5wwg",89780.2
1112,"2kh9 , 5wzg",89968.0
1113,"2kh9 , 5wzj",89987.0
1114,"2kh9 , 5wzk",89840.0
1115,"2kh9 , 5z6z",89954.76
1116,"2kh9 , 6eo6",89999.0
1117,"2kh9 , 6eo7",89999.61
1118,"2kh9 , 5ytx",88660.0
1119,"2kh9 , 5ytv",88740.0
1120,"2kh9 , 5ytt",86230.0
1121,"2kh9 , 5yts",87230.0
1122,"2kkf , 1exd",43992.9
1123,"2kkf , 1il2",41000.0
1124,"2kkf , 1jbr",43000.0
1125,"2kkf , 1je8",43999.85
1126,"2kkf , 1knz",43921.0
1127,"2kkf , 1omh",43930.0
1128,"2kkf , 1osb",43930.0
1129,"2kkf , 1rkj",42900.0
1130,"2kkf , 1s03",43800.0
1131,"2kkf , 1s40",43999.7
1132,"2kkf , 1u63",43999.48
1133,"2kkf , 1u6p",43925.0
1134,"2kkf , 1wwd",43750.0
1135,"2kkf , 1wwe",43830.0
1136,"2kkf , 1wwf",43906.0
1137,"2kkf , 1wwg",43905.0
1138,"2kkf , 1zzi",41800.0
1139,"2kkf , 2b6g",43970.0
1140,"2kkf , 2err",43998.91
1141,"2kkf , 2gkd",30000.0
1142,"2kkf , 2glo",43970.0
1143,"2kkf , 2kh9",46000.0
1144,"2kkf , 2kx5",43999.0
1145,"2kkf , 2l41",719000.0
1146,"2kkf , 2la5",43996.2
1147,"2kkf , 2leb",43730.0
1148,"2kkf , 2lec",43780.0
1149,"2kkf , 2mki",28200.0
1150,"2kkf , 2mkk",42420.0
1151,"2kkf , 3moj",43999.946
1152,"2kkf , 3rn2",43888.0
1153,"2kkf , 4hid",43145.0
1154,"2kkf , 4hik",43976.0
1155,"2kkf , 4him",43963.0
1156,"2kkf , 4hio",43979.0
1157,"2kkf , 4hj5",43937.0
1158,"2kkf , 4hj7",43994.0
1159,"2kkf , 4hj8",43978.0
1160,"2kkf , 4pdb",43890.0
1161,"2kkf , 5wwe",43465.2
1162,"2kkf , 5wwg",43780.2
1163,"2kkf , 5wzg",43968.0
1164,"2kkf , 5wzj",43987.0
1165,"2kkf , 5wzk",43840.0
1166,"2kkf , 5z6z",43954.76
1167,"2kkf , 6eo6",43999.0
1168,"2kkf , 6eo7",43999.61
1169,"2kkf , 5ytx",42660.0
1170,"2kkf , 5ytv",42740.0
1171,"2kkf , 5ytt",40230.0
1172,"2kkf , 5yts",41230.0
1173,"2kx5 , 1exd",6.1
1174,"2kx5 , 1il2",2999.0
1175,"2kx5 , 1jbr",999.0
1176,"2kx5 , 1je8",0.85
1177,"2kx5 , 1knz",78.0
1178,"2kx5 , 1omh",69.0
1179,"2kx5 , 1osb",69.0
1180,"2kx5 , 1rkj",1099.0
1181,"2kx5 , 1s03",199.0
1182,"2kx5 , 1s40",0.7
1183,"2kx5 , 1u63",0.48
1184,"2kx5 , 1u6p",74.0
1185,"2kx5 , 1wwd",249.0
1186,"2kx5 , 1wwe",169.0
1187,"2kx5 , 1wwf",93.0
1188,"2kx5 , 1wwg",94.0
1189,"2kx5 , 1zzi",2199.0
1190,"2kx5 , 2b6g",29.0
1191,"2kx5 , 2err",0.09000000000000008
1192,"2kx5 , 2gkd",13999.0
1193,"2kx5 , 2glo",29.0
1194,"2kx5 , 2kh9",89999.0
1195,"2kx5 , 2kkf",43999.0
1196,"2kx5 , 2l41",762999.0
1197,"2kx5 , 2la5",2.8
1198,"2kx5 , 2leb",269.0
1199,"2kx5 , 2lec",219.0
1200,"2kx5 , 2mki",15799.0
1201,"2kx5 , 2mkk",1579.0
1202,"2kx5 , 3moj",0.946
1203,"2kx5 , 3rn2",111.0
1204,"2kx5 , 4hid",854.0
1205,"2kx5 , 4hik",23.0
1206,"2kx5 , 4him",36.0
1207,"2kx5 , 4hio",20.0
1208,"2kx5 , 4hj5",62.0
1209,"2kx5 , 4hj7",5.0
1210,"2kx5 , 4hj8",21.0
1211,"2kx5 , 4pdb",109.0
1212,"2kx5 , 5wwe",533.8
1213,"2kx5 , 5wwg",218.8
1214,"2kx5 , 5wzg",31.0
1215,"2kx5 , 5wzj",12.0
1216,"2kx5 , 5wzk",159.0
1217,"2kx5 , 5z6z",44.24
1218,"2kx5 , 6eo6",0.0
1219,"2kx5 , 6eo7",0.61
1220,"2kx5 , 5ytx",1339.0
1221,"2kx5 , 5ytv",1259.0
1222,"2kx5 , 5ytt",3769.0
1223,"2kx5 , 5yts",2769.0
1224,"2l41 , 1exd",762992.9
1225,"2l41 , 1il2",760000.0
1226,"2l41 , 1jbr",762000.0
1227,"2l41 , 1je8",762999.85
1228,"2l41 , 1knz",762921.0
1229,"2l41 , 1omh",762930.0
1230,"2l41 , 1osb",762930.0
1231,"2l41 , 1rkj",761900.0
1232,"2l41 , 1s03",762800.0
1233,"2l41 , 1s40",762999.7
1234,"2l41 , 1u63",762999.48
1235,"2l41 , 1u6p",762925.0
1236,"2l41 , 1wwd",762750.0
1237,"2l41 , 1wwe",762830.0
1238,"2l41 , 1wwf",762906.0
1239,"2l41 , 1wwg",762905.0
1240,"2l41 , 1zzi",760800.0
1241,"2l41 , 2b6g",762970.0
1242,"2l41 , 2err",762998.91
1243,"2l41 , 2gkd",749000.0
1244,"2l41 , 2glo",762970.0
1245,"2l41 , 2kh9",673000.0
1246,"2l41 , 2kkf",719000.0
1247,"2l41 , 2kx5",762999.0
1248,"2l41 , 2la5",762996.2
1249,"2l41 , 2leb",762730.0
1250,"2l41 , 2lec",762780.0
1251,"2l41 , 2mki",747200.0
1252,"2l41 , 2mkk",761420.0
1253,"2l41 , 3moj",762999.946
1254,"2l41 , 3rn2",762888.0
1255,"2l41 , 4hid",762145.0
1256,"2l41 , 4hik",762976.0
1257,"2l41 , 4him",762963.0
1258,"2l41 , 4hio",762979.0
1259,"2l41 , 4hj5",762937.0
1260,"2l41 , 4hj7",762994.0
1261,"2l41 , 4hj8",762978.0
1262,"2l41 , 4pdb",762890.0
1263,"2l41 , 5wwe",762465.2
1264,"2l41 , 5wwg",762780.2
1265,"2l41 , 5wzg",762968.0
1266,"2l41 , 5wzj",762987.0
1267,"2l41 , 5wzk",762840.0
1268,"2l41 , 5z6z",762954.76
1269,"2l41 , 6eo6",762999.0
1270,"2l41 , 6eo7",762999.61
1271,"2l41 , 5ytx",761660.0
1272,"2l41 , 5ytv",761740.0
1273,"2l41 , 5ytt",759230.0
1274,"2l41 , 5yts",760230.0
1275,"2la5 , 1exd",3.3
1276,"2la5 , 1il2",2996.2
1277,"2la5 , 1jbr",996.2
1278,"2la5 , 1je8",3.65
1279,"2la5 , 1knz",75.2
1280,"2la5 , 1omh",66.2
1281,"2la5 , 1osb",66.2
1282,"2la5 , 1rkj",1096.2
1283,"2la5 , 1s03",196.2
1284,"2la5 , 1s40",3.5
1285,"2la5 , 1u63",3.28
1286,"2la5 , 1u6p",71.2
1287,"2la5 , 1wwd",246.2
1288,"2la5 , 1wwe",166.2
1289,"2la5 , 1wwf",90.2
1290,"2la5 , 1wwg",91.2
1291,"2la5 , 1zzi",2196.2
1292,"2la5 , 2b6g",26.2
1293,"2la5 , 2err",2.71
1294,"2la5 , 2gkd",13996.2
1295,"2la5 , 2glo",26.2
1296,"2la5 , 2kh9",89996.2
1297,"2la5 , 2kkf",43996.2
1298,"2la5 , 2kx5",2.8
1299,"2la5 , 2l41",762996.2
1300,"2la5 , 2leb",266.2
1301,"2la5 , 2lec",216.2
1302,"2la5 , 2mki",15796.2
1303,"2la5 , 2mkk",1576.2
1304,"2la5 , 3moj",3.746
1305,"2la5 , 3rn2",108.2
1306,"2la5 , 4hid",851.2
1307,"2la5 , 4hik",20.2
1308,"2la5 , 4him",33.2
1309,"2la5 , 4hio",17.2
1310,"2la5 , 4hj5",59.2
1311,"2la5 , 4hj7",2.2
1312,"2la5 , 4hj8",18.2
1313,"2la5 , 4pdb",106.2
1314,"2la5 , 5wwe",531.0
1315,"2la5 , 5wwg",216.0
1316,"2la5 , 5wzg",28.2
1317,"2la5 , 5wzj",9.2
1318,"2la5 , 5wzk",156.2
1319,"2la5 , 5z6z",41.440000000000005
1320,"2la5 , 6eo6",2.8
1321,"2la5 , 6eo7",3.4099999999999997
1322,"2la5 , 5ytx",1336.2
1323,"2la5 , 5ytv",1256.2
1324,"2la5 , 5ytt",3766.2
1325,"2la5 , 5yts",2766.2
1326,"2leb , 1exd",262.9
1327,"2leb , 1il2",2730.0
1328,"2leb , 1jbr",730.0
1329,"2leb , 1je8",269.85
1330,"2leb , 1knz",191.0
1331,"2leb , 1omh",200.0
1332,"2leb , 1osb",200.0
1333,"2leb , 1rkj",830.0
1334,"2leb , 1s03",70.0
1335,"2leb , 1s40",269.7
1336,"2leb , 1u63",269.48
1337,"2leb , 1u6p",195.0
1338,"2leb , 1wwd",20.0
1339,"2leb , 1wwe",100.0
1340,"2leb , 1wwf",176.0
1341,"2leb , 1wwg",175.0
1342,"2leb , 1zzi",1930.0
1343,"2leb , 2b6g",240.0
1344,"2leb , 2err",268.91
1345,"2leb , 2gkd",13730.0
1346,"2leb , 2glo",240.0
1347,"2leb , 2kh9",89730.0
1348,"2leb , 2kkf",43730.0
1349,"2leb , 2kx5",269.0
1350,"2leb , 2l41",762730.0
1351,"2leb , 2la5",266.2
1352,"2leb , 2lec",50.0
1353,"2leb , 2mki",15530.0
1354,"2leb , 2mkk",1310.0
1355,"2leb , 3moj",269.946
1356,"2leb , 3rn2",158.0
1357,"2leb , 4hid",585.0
1358,"2leb , 4hik",246.0
1359,"2leb , 4him",233.0
1360,"2leb , 4hio",249.0
1361,"2leb , 4hj5",207.0
1362,"2leb , 4hj7",264.0
1363,"2leb , 4hj8",248.0
1364,"2leb , 4pdb",160.0
1365,"2leb , 5wwe",264.79999999999995
1366,"2leb , 5wwg",50.19999999999999
1367,"2leb , 5wzg",238.0
1368,"2leb , 5wzj",257.0
1369,"2leb , 5wzk",110.0
1370,"2leb , 5z6z",224.76
1371,"2leb , 6eo6",269.0
1372,"2leb , 6eo7",269.61
1373,"2leb , 5ytx",1070.0
1374,"2leb , 5ytv",990.0
1375,"2leb , 5ytt",3500.0
1376,"2leb , 5yts",2500.0
1377,"2lec , 1exd",212.9
1378,"2lec , 1il2",2780.0
1379,"2lec , 1jbr",780.0
1380,"2lec , 1je8",219.85
1381,"2lec , 1knz",141.0
1382,"2lec , 1omh",150.0
1383,"2lec , 1osb",150.0
1384,"2lec , 1rkj",880.0
1385,"2lec , 1s03",20.0
1386,"2lec , 1s40",219.7
1387,"2lec , 1u63",219.48
1388,"2lec , 1u6p",145.0
1389,"2lec , 1wwd",30.0
1390,"2lec , 1wwe",50.0
1391,"2lec , 1wwf",126.0
1392,"2lec , 1wwg",125.0
1393,"2lec , 1zzi",1980.0
1394,"2lec , 2b6g",190.0
1395,"2lec , 2err",218.91
1396,"2lec , 2gkd",13780.0
1397,"2lec , 2glo",190.0
1398,"2lec , 2kh9",89780.0
1399,"2lec , 2kkf",43780.0
1400,"2lec , 2kx5",219.0
1401,"2lec , 2l41",762780.0
1402,"2lec , 2la5",216.2
1403,"2lec , 2leb",50.0
1404,"2lec , 2mki",15580.0
1405,"2lec , 2mkk",1360.0
1406,"2lec , 3moj",219.946
1407,"2lec , 3rn2",108.0
1408,"2lec , 4hid",635.0
1409,"2lec , 4hik",196.0
1410,"2lec , 4him",183.0
1411,"2lec , 4hio",199.0
1412,"2lec , 4hj5",157.0
1413,"2lec , 4hj7",214.0
1414,"2lec , 4hj8",198.0
1415,"2lec , 4pdb",110.0
1416,"2lec , 5wwe",314.79999999999995
1417,"2lec , 5wwg",0.19999999999998863
1418,"2lec , 5wzg",188.0
1419,"2lec , 5wzj",207.0
1420,"2lec , 5wzk",60.0
1421,"2lec , 5z6z",174.76
1422,"2lec , 6eo6",219.0
1423,"2lec , 6eo7",219.61
1424,"2lec , 5ytx",1120.0
1425,"2lec , 5ytv",1040.0
1426,"2lec , 5ytt",3550.0
1427,"2lec , 5yts",2550.0
1428,"2mki , 1exd",15792.9
1429,"2mki , 1il2",12800.0
1430,"2mki , 1jbr",14800.0
1431,"2mki , 1je8",15799.85
1432,"2mki , 1knz",15721.0
1433,"2mki , 1omh",15730.0
1434,"2mki , 1osb",15730.0
1435,"2mki , 1rkj",14700.0
1436,"2mki , 1s03",15600.0
1437,"2mki , 1s40",15799.7
1438,"2mki , 1u63",15799.48
1439,"2mki , 1u6p",15725.0
1440,"2mki , 1wwd",15550.0
1441,"2mki , 1wwe",15630.0
1442,"2mki , 1wwf",15706.0
1443,"2mki , 1wwg",15705.0
1444,"2mki , 1zzi",13600.0
1445,"2mki , 2b6g",15770.0
1446,"2mki , 2err",15798.91
1447,"2mki , 2gkd",1800.0
1448,"2mki , 2glo",15770.0
1449,"2mki , 2kh9",74200.0
1450,"2mki , 2kkf",28200.0
1451,"2mki , 2kx5",15799.0
1452,"2mki , 2l41",747200.0
1453,"2mki , 2la5",15796.2
1454,"2mki , 2leb",15530.0
1455,"2mki , 2lec",15580.0
1456,"2mki , 2mkk",14220.0
1457,"2mki , 3moj",15799.946
1458,"2mki , 3rn2",15688.0
1459,"2mki , 4hid",14945.0
1460,"2mki , 4hik",15776.0
1461,"2mki , 4him",15763.0
1462,"2mki , 4hio",15779.0
1463,"2mki , 4hj5",15737.0
1464,"2mki , 4hj7",15794.0
1465,"2mki , 4hj8",15778.0
1466,"2mki , 4pdb",15690.0
1467,"2mki , 5wwe",15265.2
1468,"2mki , 5wwg",15580.2
1469,"2mki , 5wzg",15768.0
1470,"2mki , 5wzj",15787.0
1471,"2mki , 5wzk",15640.0
1472,"2mki , 5z6z",15754.76
1473,"2mki , 6eo6",15799.0
1474,"2mki , 6eo7",15799.61
1475,"2mki , 5ytx",14460.0
1476,"2mki , 5ytv",14540.0
1477,"2mki , 5ytt",12030.0
1478,"2mki , 5yts",13030.0
1479,"2mkk , 1exd",1572.9
1480,"2mkk , 1il2",1420.0
1481,"2mkk , 1jbr",580.0
1482,"2mkk , 1je8",1579.85
1483,"2mkk , 1knz",1501.0
1484,"2mkk , 1omh",1510.0
1485,"2mkk , 1osb",1510.0
1486,"2mkk , 1rkj",480.0
1487,"2mkk , 1s03",1380.0
1488,"2mkk , 1s40",1579.7
1489,"2mkk , 1u63",1579.48
1490,"2mkk , 1u6p",1505.0
1491,"2mkk , 1wwd",1330.0
1492,"2mkk , 1wwe",1410.0
1493,"2mkk , 1wwf",1486.0
1494,"2mkk , 1wwg",1485.0
1495,"2mkk , 1zzi",620.0
1496,"2mkk , 2b6g",1550.0
1497,"2mkk , 2err",1578.91
1498,"2mkk , 2gkd",12420.0
1499,"2mkk , 2glo",1550.0
1500,"2mkk , 2kh9",88420.0
1501,"2mkk , 2kkf",42420.0
1502,"2mkk , 2kx5",1579.0
1503,"2mkk , 2l41",761420.0
1504,"2mkk , 2la5",1576.2
1505,"2mkk , 2leb",1310.0
1506,"2mkk , 2lec",1360.0
1507,"2mkk , 2mki",14220.0
1508,"2mkk , 3moj",1579.946
1509,"2mkk , 3rn2",1468.0
1510,"2mkk , 4hid",725.0
1511,"2mkk , 4hik",1556.0
1512,"2mkk , 4him",1543.0
1513,"2mkk , 4hio",1559.0
1514,"2mkk , 4hj5",1517.0
1515,"2mkk , 4hj7",1574.0
1516,"2mkk , 4hj8",1558.0
1517,"2mkk , 4pdb",1470.0
1518,"2mkk , 5wwe",1045.2
1519,"2mkk , 5wwg",1360.2
1520,"2mkk , 5wzg",1548.0
1521,"2mkk , 5wzj",1567.0
1522,"2mkk , 5wzk",1420.0
1523,"2mkk , 5z6z",1534.76
1524,"2mkk , 6eo6",1579.0
1525,"2mkk , 6eo7",1579.61
1526,"2mkk , 5ytx",240.0
1527,"2mkk , 5ytv",320.0
1528,"2mkk , 5ytt",2190.0
1529,"2mkk , 5yts",1190.0
1530,"3moj , 1exd",7.045999999999999
1531,"3moj , 1il2",2999.946
1532,"3moj , 1jbr",999.946
1533,"3moj , 1je8",0.096
1534,"3moj , 1knz",78.946
1535,"3moj , 1omh",69.946
1536,"3moj , 1osb",69.946
1537,"3moj , 1rkj",1099.946
1538,"3moj , 1s03",199.946
1539,"3moj , 1s40",0.246
1540,"3moj , 1u63",0.466
1541,"3moj , 1u6p",74.946
1542,"3moj , 1wwd",249.946
1543,"3moj , 1wwe",169.946
1544,"3moj , 1wwf",93.946
1545,"3moj , 1wwg",94.946
1546,"3moj , 1zzi",2199.946
1547,"3moj , 2b6g",29.946
1548,"3moj , 2err",1.036
1549,"3moj , 2gkd",13999.946
1550,"3moj , 2glo",29.946
1551,"3moj , 2kh9",89999.946
1552,"3moj , 2kkf",43999.946
1553,"3moj , 2kx5",0.946
1554,"3moj , 2l41",762999.946
1555,"3moj , 2la5",3.746
1556,"3moj , 2leb",269.946
1557,"3moj , 2lec",219.946
1558,"3moj , 2mki",15799.946
1559,"3moj , 2mkk",1579.946
1560,"3moj , 3rn2",111.946
1561,"3moj , 4hid",854.946
1562,"3moj , 4hik",23.946
1563,"3moj , 4him",36.946
1564,"3moj , 4hio",20.946
1565,"3moj , 4hj5",62.946
1566,"3moj , 4hj7",5.946
1567,"3moj , 4hj8",21.946
1568,"3moj , 4pdb",109.946
1569,"3moj , 5wwe",534.746
1570,"3moj , 5wwg",219.746
1571,"3moj , 5wzg",31.946
1572,"3moj , 5wzj",12.946
1573,"3moj , 5wzk",159.946
1574,"3moj , 5z6z",45.186
1575,"3moj , 6eo6",0.946
1576,"3moj , 6eo7",0.336
1577,"3moj , 5ytx",1339.946
1578,"3moj , 5ytv",1259.946
1579,"3moj , 5ytt",3769.946
1580,"3moj , 5yts",2769.946
1581,"3rn2 , 1exd",104.9
1582,"3rn2 , 1il2",2888.0
1583,"3rn2 , 1jbr",888.0
1584,"3rn2 , 1je8",111.85
1585,"3rn2 , 1knz",33.0
1586,"3rn2 , 1omh",42.0
1587,"3rn2 , 1osb",42.0
1588,"3rn2 , 1rkj",988.0
1589,"3rn2 , 1s03",88.0
1590,"3rn2 , 1s40",111.7
1591,"3rn2 , 1u63",111.48
1592,"3rn2 , 1u6p",37.0
1593,"3rn2 , 1wwd",138.0
1594,"3rn2 , 1wwe",58.0
1595,"3rn2 , 1wwf",18.0
1596,"3rn2 , 1wwg",17.0
1597,"3rn2 , 1zzi",2088.0
1598,"3rn2 , 2b6g",82.0
1599,"3rn2 , 2err",110.91
1600,"3rn2 , 2gkd",13888.0
1601,"3rn2 , 2glo",82.0
1602,"3rn2 , 2kh9",89888.0
1603,"3rn2 , 2kkf",43888.0
1604,"3rn2 , 2kx5",111.0
1605,"3rn2 , 2l41",762888.0
1606,"3rn2 , 2la5",108.2
1607,"3rn2 , 2leb",158.0
1608,"3rn2 , 2lec",108.0
1609,"3rn2 , 2mki",15688.0
1610,"3rn2 , 2mkk",1468.0
1611,"3rn2 , 3moj",111.946
1612,"3rn2 , 4hid",743.0
1613,"3rn2 , 4hik",88.0
1614,"3rn2 , 4him",75.0
1615,"3rn2 , 4hio",91.0
1616,"3rn2 , 4hj5",49.0
1617,"3rn2 , 4hj7",106.0
1618,"3rn2 , 4hj8",90.0
1619,"3rn2 , 4pdb",2.0
1620,"3rn2 , 5wwe",422.79999999999995
1621,"3rn2 , 5wwg",107.80000000000001
1622,"3rn2 , 5wzg",80.0
1623,"3rn2 , 5wzj",99.0
1624,"3rn2 , 5wzk",48.0
1625,"3rn2 , 5z6z",66.75999999999999
1626,"3rn2 , 6eo6",111.0
1627,"3rn2 , 6eo7",111.61
1628,"3rn2 , 5ytx",1228.0
1629,"3rn2 , 5ytv",1148.0
1630,"3rn2 , 5ytt",3658.0
1631,"3rn2 , 5yts",2658.0
1632,"4hid , 1exd",847.9
1633,"4hid , 1il2",2145.0
1634,"4hid , 1jbr",145.0
1635,"4hid , 1je8",854.85
1636,"4hid , 1knz",776.0
1637,"4hid , 1omh",785.0
1638,"4hid , 1osb",785.0
1639,"4hid , 1rkj",245.0
1640,"4hid , 1s03",655.0
1641,"4hid , 1s40",854.7
1642,"4hid , 1u63",854.48
1643,"4hid , 1u6p",780.0
1644,"4hid , 1wwd",605.0
1645,"4hid , 1wwe",685.0
1646,"4hid , 1wwf",761.0
1647,"4hid , 1wwg",760.0
1648,"4hid , 1zzi",1345.0
1649,"4hid , 2b6g",825.0
1650,"4hid , 2err",853.91
1651,"4hid , 2gkd",13145.0
1652,"4hid , 2glo",825.0
1653,"4hid , 2kh9",89145.0
1654,"4hid , 2kkf",43145.0
1655,"4hid , 2kx5",854.0
1656,"4hid , 2l41",762145.0
1657,"4hid , 2la5",851.2
1658,"4hid , 2leb",585.0
1659,"4hid , 2lec",635.0
1660,"4hid , 2mki",14945.0
1661,"4hid , 2mkk",725.0
1662,"4hid , 3moj",854.946
1663,"4hid , 3rn2",743.0
1664,"4hid , 4hik",831.0
1665,"4hid , 4him",818.0
1666,"4hid , 4hio",834.0
1667,"4hid , 4hj5",792.0
1668,"4hid , 4hj7",849.0
1669,"4hid , 4hj8",833.0
1670,"4hid , 4pdb",745.0
1671,"4hid , 5wwe",320.20000000000005
1672,"4hid , 5wwg",635.2
1673,"4hid , 5wzg",823.0
1674,"4hid , 5wzj",842.0
1675,"4hid , 5wzk",695.0
1676,"4hid , 5z6z",809.76
1677,"4hid , 6eo6",854.0
1678,"4hid , 6eo7",854.61
1679,"4hid , 5ytx",485.0
1680,"4hid , 5ytv",405.0
1681,"4hid , 5ytt",2915.0
1682,"4hid , 5yts",1915.0
1683,"4hik , 1exd",16.9
1684,"4hik , 1il2",2976.0
1685,"4hik , 1jbr",976.0
1686,"4hik , 1je8",23.85
1687,"4hik , 1knz",55.0
1688,"4hik , 1omh",46.0
1689,"4hik , 1osb",46.0
1690,"4hik , 1rkj",1076.0
1691,"4hik , 1s03",176.0
1692,"4hik , 1s40",23.7
1693,"4hik , 1u63",23.48
1694,"4hik , 1u6p",51.0
1695,"4hik , 1wwd",226.0
1696,"4hik , 1wwe",146.0
1697,"4hik , 1wwf",70.0
1698,"4hik , 1wwg",71.0
1699,"4hik , 1zzi",2176.0
1700,"4hik , 2b6g",6.0
1701,"4hik , 2err",22.91
1702,"4hik , 2gkd",13976.0
1703,"4hik , 2glo",6.0
1704,"4hik , 2kh9",89976.0
1705,"4hik , 2kkf",43976.0
1706,"4hik , 2kx5",23.0
1707,"4hik , 2l41",762976.0
1708,"4hik , 2la5",20.2
1709,"4hik , 2leb",246.0
1710,"4hik , 2lec",196.0
1711,"4hik , 2mki",15776.0
1712,"4hik , 2mkk",1556.0
1713,"4hik , 3moj",23.946
1714,"4hik , 3rn2",88.0
1715,"4hik , 4hid",831.0
1716,"4hik , 4him",13.0
1717,"4hik , 4hio",3.0
1718,"4hik , 4hj5",39.0
1719,"4hik , 4hj7",18.0
1720,"4hik , 4hj8",2.0
1721,"4hik , 4pdb",86.0
1722,"4hik , 5wwe",510.79999999999995
1723,"4hik , 5wwg",195.8
1724,"4hik , 5wzg",8.0
1725,"4hik , 5wzj",11.0
1726,"4hik , 5wzk",136.0
1727,"4hik , 5z6z",21.240000000000002
1728,"4hik , 6eo6",23.0
1729,"4hik , 6eo7",23.61
1730,"4hik , 5ytx",1316.0
1731,"4hik , 5ytv",1236.0
1732,"4hik , 5ytt",3746.0
1733,"4hik , 5yts",2746.0
1734,"4him , 1exd",29.9
1735,"4him , 1il2",2963.0
1736,"4him , 1jbr",963.0
1737,"4him , 1je8",36.85
1738,"4him , 1knz",42.0
1739,"4him , 1omh",33.0
1740,"4him , 1osb",33.0
1741,"4him , 1rkj",1063.0
1742,"4him , 1s03",163.0
1743,"4him , 1s40",36.7
1744,"4him , 1u63",36.48
1745,"4him , 1u6p",38.0
1746,"4him , 1wwd",213.0
1747,"4him , 1wwe",133.0
1748,"4him , 1wwf",57.0
1749,"4him , 1wwg",58.0
1750,"4him , 1zzi",2163.0
1751,"4him , 2b6g",7.0
1752,"4him , 2err",35.91
1753,"4him , 2gkd",13963.0
1754,"4him , 2glo",7.0
1755,"4him , 2kh9",89963.0
1756,"4him , 2kkf",43963.0
1757,"4him , 2kx5",36.0
1758,"4him , 2l41",762963.0
1759,"4him , 2la5",33.2
1760,"4him , 2leb",233.0
1761,"4him , 2lec",183.0
1762,"4him , 2mki",15763.0
1763,"4him , 2mkk",1543.0
1764,"4him , 3moj",36.946
1765,"4him , 3rn2",75.0
1766,"4him , 4hid",818.0
1767,"4him , 4hik",13.0
1768,"4him , 4hio",16.0
1769,"4him , 4hj5",26.0
1770,"4him , 4hj7",31.0
1771,"4him , 4hj8",15.0
1772,"4him , 4pdb",73.0
1773,"4him , 5wwe",497.79999999999995
1774,"4him , 5wwg",182.8
1775,"4him , 5wzg",5.0
1776,"4him , 5wzj",24.0
1777,"4him , 5wzk",123.0
1778,"4him , 5z6z",8.240000000000002
1779,"4him , 6eo6",36.0
1780,"4him , 6eo7",36.61
1781,"4him , 5ytx",1303.0
1782,"4him , 5ytv",1223.0
1783,"4him , 5ytt",3733.0
1784,"4him , 5yts",2733.0
1785,"4hio , 1exd",13.9
1786,"4hio , 1il2",2979.0
1787,"4hio , 1jbr",979.0
1788,"4hio , 1je8",20.85
1789,"4hio , 1knz",58.0
1790,"4hio , 1omh",49.0
1791,"4hio , 1osb",49.0
1792,"4hio , 1rkj",1079.0
1793,"4hio , 1s03",179.0
1794,"4hio , 1s40",20.7
1795,"4hio , 1u63",20.48
1796,"4hio , 1u6p",54.0
1797,"4hio , 1wwd",229.0
1798,"4hio , 1wwe",149.0
1799,"4hio , 1wwf",73.0
1800,"4hio , 1wwg",74.0
1801,"4hio , 1zzi",2179.0
1802,"4hio , 2b6g",9.0
1803,"4hio , 2err",19.91
1804,"4hio , 2gkd",13979.0
1805,"4hio , 2glo",9.0
1806,"4hio , 2kh9",89979.0
1807,"4hio , 2kkf",43979.0
1808,"4hio , 2kx5",20.0
1809,"4hio , 2l41",762979.0
1810,"4hio , 2la5",17.2
1811,"4hio , 2leb",249.0
1812,"4hio , 2lec",199.0
1813,"4hio , 2mki",15779.0
1814,"4hio , 2mkk",1559.0
1815,"4hio , 3moj",20.946
1816,"4hio , 3rn2",91.0
1817,"4hio , 4hid",834.0
1818,"4hio , 4hik",3.0
1819,"4hio , 4him",16.0
1820,"4hio , 4hj5",42.0
1821,"4hio , 4hj7",15.0
1822,"4hio , 4hj8",1.0
1823,"4hio , 4pdb",89.0
1824,"4hio , 5wwe",513.8
1825,"4hio , 5wwg",198.8
1826,"4hio , 5wzg",11.0
1827,"4hio , 5wzj",8.0
1828,"4hio , 5wzk",139.0
1829,"4hio , 5z6z",24.240000000000002
1830,"4hio , 6eo6",20.0
1831,"4hio , 6eo7",20.61
1832,"4hio , 5ytx",1319.0
1833,"4hio , 5ytv",1239.0
1834,"4hio , 5ytt",3749.0
1835,"4hio , 5yts",2749.0
1836,"4hj5 , 1exd",55.9
1837,"4hj5 , 1il2",2937.0
1838,"4hj5 , 1jbr",937.0
1839,"4hj5 , 1je8",62.85
1840,"4hj5 , 1knz",16.0
1841,"4hj5 , 1omh",7.0
1842,"4hj5 , 1osb",7.0
1843,"4hj5 , 1rkj",1037.0
1844,"4hj5 , 1s03",137.0
1845,"4hj5 , 1s40",62.7
1846,"4hj5 , 1u63",62.48
1847,"4hj5 , 1u6p",12.0
1848,"4hj5 , 1wwd",187.0
1849,"4hj5 , 1wwe",107.0
1850,"4hj5 , 1wwf",31.0
1851,"4hj5 , 1wwg",32.0
1852,"4hj5 , 1zzi",2137.0
1853,"4hj5 , 2b6g",33.0
1854,"4hj5 , 2err",61.91
1855,"4hj5 , 2gkd",13937.0
1856,"4hj5 , 2glo",33.0
1857,"4hj5 , 2kh9",89937.0
1858,"4hj5 , 2kkf",43937.0
1859,"4hj5 , 2kx5",62.0
1860,"4hj5 , 2l41",762937.0
1861,"4hj5 , 2la5",59.2
1862,"4hj5 , 2leb",207.0
1863,"4hj5 , 2lec",157.0
1864,"4hj5 , 2mki",15737.0
1865,"4hj5 , 2mkk",1517.0
1866,"4hj5 , 3moj",62.946
1867,"4hj5 , 3rn2",49.0
1868,"4hj5 , 4hid",792.0
1869,"4hj5 , 4hik",39.0
1870,"4hj5 , 4him",26.0
1871,"4hj5 , 4hio",42.0
1872,"4hj5 , 4hj7",57.0
1873,"4hj5 , 4hj8",41.0
1874,"4hj5 , 4pdb",47.0
1875,"4hj5 , 5wwe",471.79999999999995
1876,"4hj5 , 5wwg",156.8
1877,"4hj5 , 5wzg",31.0
1878,"4hj5 , 5wzj",50.0
1879,"4hj5 , 5wzk",97.0
1880,"4hj5 , 5z6z",17.759999999999998
1881,"4hj5 , 6eo6",62.0
1882,"4hj5 , 6eo7",62.61
1883,"4hj5 , 5ytx",1277.0
1884,"4hj5 , 5ytv",1197.0
1885,"4hj5 , 5ytt",3707.0
1886,"4hj5 , 5yts",2707.0
1887,"4hj7 , 1exd",1.0999999999999996
1888,"4hj7 , 1il2",2994.0
1889,"4hj7 , 1jbr",994.0
1890,"4hj7 , 1je8",5.85
1891,"4hj7 , 1knz",73.0
1892,"4hj7 , 1omh",64.0
1893,"4hj7 , 1osb",64.0
1894,"4hj7 , 1rkj",1094.0
1895,"4hj7 , 1s03",194.0
1896,"4hj7 , 1s40",5.7
1897,"4hj7 , 1u63",5.48
1898,"4hj7 , 1u6p",69.0
1899,"4hj7 , 1wwd",244.0
1900,"4hj7 , 1wwe",164.0
1901,"4hj7 , 1wwf",88.0
1902,"4hj7 , 1wwg",89.0
1903,"4hj7 , 1zzi",2194.0
1904,"4hj7 , 2b6g",24.0
1905,"4hj7 , 2err",4.91
1906,"4hj7 , 2gkd",13994.0
1907,"4hj7 , 2glo",24.0
1908,"4hj7 , 2kh9",89994.0
1909,"4hj7 , 2kkf",43994.0
1910,"4hj7 , 2kx5",5.0
1911,"4hj7 , 2l41",762994.0
1912,"4hj7 , 2la5",2.2
1913,"4hj7 , 2leb",264.0
1914,"4hj7 , 2lec",214.0
1915,"4hj7 , 2mki",15794.0
1916,"4hj7 , 2mkk",1574.0
1917,"4hj7 , 3moj",5.946
1918,"4hj7 , 3rn2",106.0
1919,"4hj7 , 4hid",849.0
1920,"4hj7 , 4hik",18.0
1921,"4hj7 , 4him",31.0
1922,"4hj7 , 4hio",15.0
1923,"4hj7 , 4hj5",57.0
1924,"4hj7 , 4hj8",16.0
1925,"4hj7 , 4pdb",104.0
1926,"4hj7 , 5wwe",528.8
1927,"4hj7 , 5wwg",213.8
1928,"4hj7 , 5wzg",26.0
1929,"4hj7 , 5wzj",7.0
1930,"4hj7 , 5wzk",154.0
1931,"4hj7 , 5z6z",39.24
1932,"4hj7 , 6eo6",5.0
1933,"4hj7 , 6eo7",5.61
1934,"4hj7 , 5ytx",1334.0
1935,"4hj7 , 5ytv",1254.0
1936,"4hj7 , 5ytt",3764.0
1937,"4hj7 , 5yts",2764.0
1938,"4hj8 , 1exd",14.9
1939,"4hj8 , 1il2",2978.0
1940,"4hj8 , 1jbr",978.0
1941,"4hj8 , 1je8",21.85
1942,"4hj8 , 1knz",57.0
1943,"4hj8 , 1omh",48.0
1944,"4hj8 , 1osb",48.0
1945,"4hj8 , 1rkj",1078.0
1946,"4hj8 , 1s03",178.0
1947,"4hj8 , 1s40",21.7
1948,"4hj8 , 1u63",21.48
1949,"4hj8 , 1u6p",53.0
1950,"4hj8 , 1wwd",228.0
1951,"4hj8 , 1wwe",148.0
1952,"4hj8 , 1wwf",72.0
1953,"4hj8 , 1wwg",73.0
1954,"4hj8 , 1zzi",2178.0
1955,"4hj8 , 2b6g",8.0
1956,"4hj8 , 2err",20.91
1957,"4hj8 , 2gkd",13978.0
1958,"4hj8 , 2glo",8.0
1959,"4hj8 , 2kh9",89978.0
1960,"4hj8 , 2kkf",43978.0
1961,"4hj8 , 2kx5",21.0
1962,"4hj8 , 2l41",762978.0
1963,"4hj8 , 2la5",18.2
1964,"4hj8 , 2leb",248.0
1965,"4hj8 , 2lec",198.0
1966,"4hj8 , 2mki",15778.0
1967,"4hj8 , 2mkk",1558.0
1968,"4hj8 , 3moj",21.946
1969,"4hj8 , 3rn2",90.0
1970,"4hj8 , 4hid",833.0
1971,"4hj8 , 4hik",2.0
1972,"4hj8 , 4him",15.0
1973,"4hj8 , 4hio",1.0
1974,"4hj8 , 4hj5",41.0
1975,"4hj8 , 4hj7",16.0
1976,"4hj8 , 4pdb",88.0
1977,"4hj8 , 5wwe",512.8
1978,"4hj8 , 5wwg",197.8
1979,"4hj8 , 5wzg",10.0
1980,"4hj8 , 5wzj",9.0
1981,"4hj8 , 5wzk",138.0
1982,"4hj8 , 5z6z",23.240000000000002
1983,"4hj8 , 6eo6",21.0
1984,"4hj8 , 6eo7",21.61
1985,"4hj8 , 5ytx",1318.0
1986,"4hj8 , 5ytv",1238.0
1987,"4hj8 , 5ytt",3748.0
1988,"4hj8 , 5yts",2748.0
1989,"4pdb , 1exd",102.9
1990,"4pdb , 1il2",2890.0
1991,"4pdb , 1jbr",890.0
1992,"4pdb , 1je8",109.85
1993,"4pdb , 1knz",31.0
1994,"4pdb , 1omh",40.0
1995,"4pdb , 1osb",40.0
1996,"4pdb , 1rkj",990.0
1997,"4pdb , 1s03",90.0
1998,"4pdb , 1s40",109.7
1999,"4pdb , 1u63",109.48
2000,"4pdb , 1u6p",35.0
2001,"4pdb , 1wwd",140.0
2002,"4pdb , 1wwe",60.0
2003,"4pdb , 1wwf",16.0
2004,"4pdb , 1wwg",15.0
2005,"4pdb , 1zzi",2090.0
2006,"4pdb , 2b6g",80.0
2007,"4pdb , 2err",108.91
2008,"4pdb , 2gkd",13890.0
2009,"4pdb , 2glo",80.0
2010,"4pdb , 2kh9",89890.0
2011,"4pdb , 2kkf",43890.0
2012,"4pdb , 2kx5",109.0
2013,"4pdb , 2l41",762890.0
2014,"4pdb , 2la5",106.2
2015,"4pdb , 2leb",160.0
2016,"4pdb , 2lec",110.0
2017,"4pdb , 2mki",15690.0
2018,"4pdb , 2mkk",1470.0
2019,"4pdb , 3moj",109.946
2020,"4pdb , 3rn2",2.0
2021,"4pdb , 4hid",745.0
2022,"4pdb , 4hik",86.0
2023,"4pdb , 4him",73.0
2024,"4pdb , 4hio",89.0
2025,"4pdb , 4hj5",47.0
2026,"4pdb , 4hj7",104.0
2027,"4pdb , 4hj8",88.0
2028,"4pdb , 5wwe",424.79999999999995
2029,"4pdb , 5wwg",109.80000000000001
2030,"4pdb , 5wzg",78.0
2031,"4pdb , 5wzj",97.0
2032,"4pdb , 5wzk",50.0
2033,"4pdb , 5z6z",64.75999999999999
2034,"4pdb , 6eo6",109.0
2035,"4pdb , 6eo7",109.61
2036,"4pdb , 5ytx",1230.0
2037,"4pdb , 5ytv",1150.0
2038,"4pdb , 5ytt",3660.0
2039,"4pdb , 5yts",2660.0
2040,"5wwe , 1exd",527.6999999999999
2041,"5wwe , 1il2",2465.2
2042,"5wwe , 1jbr",465.20000000000005
2043,"5wwe , 1je8",534.65
2044,"5wwe , 1knz",455.79999999999995
2045,"5wwe , 1omh",464.79999999999995
2046,"5wwe , 1osb",464.79999999999995
2047,"5wwe , 1rkj",565.2
2048,"5wwe , 1s03",334.79999999999995
2049,"5wwe , 1s40",534.5
2050,"5wwe , 1u63",534.28
2051,"5wwe , 1u6p",459.79999999999995
2052,"5wwe , 1wwd",284.79999999999995
2053,"5wwe , 1wwe",364.79999999999995
2054,"5wwe , 1wwf",440.79999999999995
2055,"5wwe , 1wwg",439.79999999999995
2056,"5wwe , 1zzi",1665.2
2057,"5wwe , 2b6g",504.79999999999995
2058,"5wwe , 2err",533.7099999999999
2059,"5wwe , 2gkd",13465.2
2060,"5wwe , 2glo",504.79999999999995
2061,"5wwe , 2kh9",89465.2
2062,"5wwe , 2kkf",43465.2
2063,"5wwe , 2kx5",533.8
2064,"5wwe , 2l41",762465.2
2065,"5wwe , 2la5",531.0
2066,"5wwe , 2leb",264.79999999999995
2067,"5wwe , 2lec",314.79999999999995
2068,"5wwe , 2mki",15265.2
2069,"5wwe , 2mkk",1045.2
2070,"5wwe , 3moj",534.746
2071,"5wwe , 3rn2",422.79999999999995
2072,"5wwe , 4hid",320.20000000000005
2073,"5wwe , 4hik",510.79999999999995
2074,"5wwe , 4him",497.79999999999995
2075,"5wwe , 4hio",513.8
2076,"5wwe , 4hj5",471.79999999999995
2077,"5wwe , 4hj7",528.8
2078,"5wwe , 4hj8",512.8
2079,"5wwe , 4pdb",424.79999999999995
2080,"5wwe , 5wwg",314.99999999999994
2081,"5wwe , 5wzg",502.79999999999995
2082,"5wwe , 5wzj",521.8
2083,"5wwe , 5wzk",374.79999999999995
2084,"5wwe , 5z6z",489.55999999999995
2085,"5wwe , 6eo6",533.8
2086,"5wwe , 6eo7",534.41
2087,"5wwe , 5ytx",805.2
2088,"5wwe , 5ytv",725.2
2089,"5wwe , 5ytt",3235.2
2090,"5wwe , 5yts",2235.2
2091,"5wwg , 1exd",212.70000000000002
2092,"5wwg , 1il2",2780.2
2093,"5wwg , 1jbr",780.2
2094,"5wwg , 1je8",219.65
2095,"5wwg , 1knz",140.8
2096,"5wwg , 1omh",149.8
2097,"5wwg , 1osb",149.8
2098,"5wwg , 1rkj",880.2
2099,"5wwg , 1s03",19.80000000000001
2100,"5wwg , 1s40",219.5
2101,"5wwg , 1u63",219.28
2102,"5wwg , 1u6p",144.8
2103,"5wwg , 1wwd",30.19999999999999
2104,"5wwg , 1wwe",49.80000000000001
2105,"5wwg , 1wwf",125.80000000000001
2106,"5wwg , 1wwg",124.80000000000001
2107,"5wwg , 1zzi",1980.2
2108,"5wwg , 2b6g",189.8
2109,"5wwg , 2err",218.71
2110,"5wwg , 2gkd",13780.2
2111,"5wwg , 2glo",189.8
2112,"5wwg , 2kh9",89780.2
2113,"5wwg , 2kkf",43780.2
2114,"5wwg , 2kx5",218.8
2115,"5wwg , 2l41",762780.2
2116,"5wwg , 2la5",216.0
2117,"5wwg , 2leb",50.19999999999999
2118,"5wwg , 2lec",0.19999999999998863
2119,"5wwg , 2mki",15580.2
2120,"5wwg , 2mkk",1360.2
2121,"5wwg , 3moj",219.746
2122,"5wwg , 3rn2",107.80000000000001
2123,"5wwg , 4hid",635.2
2124,"5wwg , 4hik",195.8
2125,"5wwg , 4him",182.8
2126,"5wwg , 4hio",198.8
2127,"5wwg , 4hj5",156.8
2128,"5wwg , 4hj7",213.8
2129,"5wwg , 4hj8",197.8
2130,"5wwg , 4pdb",109.80000000000001
2131,"5wwg , 5wwe",314.99999999999994
2132,"5wwg , 5wzg",187.8
2133,"5wwg , 5wzj",206.8
2134,"5wwg , 5wzk",59.80000000000001
2135,"5wwg , 5z6z",174.56
2136,"5wwg , 6eo6",218.8
2137,"5wwg , 6eo7",219.41000000000003
2138,"5wwg , 5ytx",1120.2
2139,"5wwg , 5ytv",1040.2
2140,"5wwg , 5ytt",3550.2
2141,"5wwg , 5yts",2550.2
2142,"5wzg , 1exd",24.9
2143,"5wzg , 1il2",2968.0
2144,"5wzg , 1jbr",968.0
2145,"5wzg , 1je8",31.85
2146,"5wzg , 1knz",47.0
2147,"5wzg , 1omh",38.0
2148,"5wzg , 1osb",38.0
2149,"5wzg , 1rkj",1068.0
2150,"5wzg , 1s03",168.0
2151,"5wzg , 1s40",31.7
2152,"5wzg , 1u63",31.48
2153,"5wzg , 1u6p",43.0
2154,"5wzg , 1wwd",218.0
2155,"5wzg , 1wwe",138.0
2156,"5wzg , 1wwf",62.0
2157,"5wzg , 1wwg",63.0
2158,"5wzg , 1zzi",2168.0
2159,"5wzg , 2b6g",2.0
2160,"5wzg , 2err",30.91
2161,"5wzg , 2gkd",13968.0
2162,"5wzg , 2glo",2.0
2163,"5wzg , 2kh9",89968.0
2164,"5wzg , 2kkf",43968.0
2165,"5wzg , 2kx5",31.0
2166,"5wzg , 2l41",762968.0
2167,"5wzg , 2la5",28.2
2168,"5wzg , 2leb",238.0
2169,"5wzg , 2lec",188.0
2170,"5wzg , 2mki",15768.0
2171,"5wzg , 2mkk",1548.0
2172,"5wzg , 3moj",31.946
2173,"5wzg , 3rn2",80.0
2174,"5wzg , 4hid",823.0
2175,"5wzg , 4hik",8.0
2176,"5wzg , 4him",5.0
2177,"5wzg , 4hio",11.0
2178,"5wzg , 4hj5",31.0
2179,"5wzg , 4hj7",26.0
2180,"5wzg , 4hj8",10.0
2181,"5wzg , 4pdb",78.0
2182,"5wzg , 5wwe",502.79999999999995
2183,"5wzg , 5wwg",187.8
2184,"5wzg , 5wzj",19.0
2185,"5wzg , 5wzk",128.0
2186,"5wzg , 5z6z",13.240000000000002
2187,"5wzg , 6eo6",31.0
2188,"5wzg , 6eo7",31.61
2189,"5wzg , 5ytx",1308.0
2190,"5wzg , 5ytv",1228.0
2191,"5wzg , 5ytt",3738.0
2192,"5wzg , 5yts",2738.0
2193,"5wzj , 1exd",5.9
2194,"5wzj , 1il2",2987.0
2195,"5wzj , 1jbr",987.0
2196,"5wzj , 1je8",12.85
2197,"5wzj , 1knz",66.0
2198,"5wzj , 1omh",57.0
2199,"5wzj , 1osb",57.0
2200,"5wzj , 1rkj",1087.0
2201,"5wzj , 1s03",187.0
2202,"5wzj , 1s40",12.7
2203,"5wzj , 1u63",12.48
2204,"5wzj , 1u6p",62.0
2205,"5wzj , 1wwd",237.0
2206,"5wzj , 1wwe",157.0
2207,"5wzj , 1wwf",81.0
2208,"5wzj , 1wwg",82.0
2209,"5wzj , 1zzi",2187.0
2210,"5wzj , 2b6g",17.0
2211,"5wzj , 2err",11.91
2212,"5wzj , 2gkd",13987.0
2213,"5wzj , 2glo",17.0
2214,"5wzj , 2kh9",89987.0
2215,"5wzj , 2kkf",43987.0
2216,"5wzj , 2kx5",12.0
2217,"5wzj , 2l41",762987.0
2218,"5wzj , 2la5",9.2
2219,"5wzj , 2leb",257.0
2220,"5wzj , 2lec",207.0
2221,"5wzj , 2mki",15787.0
2222,"5wzj , 2mkk",1567.0
2223,"5wzj , 3moj",12.946
2224,"5wzj , 3rn2",99.0
2225,"5wzj , 4hid",842.0
2226,"5wzj , 4hik",11.0
2227,"5wzj , 4him",24.0
2228,"5wzj , 4hio",8.0
2229,"5wzj , 4hj5",50.0
2230,"5wzj , 4hj7",7.0
2231,"5wzj , 4hj8",9.0
2232,"5wzj , 4pdb",97.0
2233,"5wzj , 5wwe",521.8
2234,"5wzj , 5wwg",206.8
2235,"5wzj , 5wzg",19.0
2236,"5wzj , 5wzk",147.0
2237,"5wzj , 5z6z",32.24
2238,"5wzj , 6eo6",12.0
2239,"5wzj , 6eo7",12.61
2240,"5wzj , 5ytx",1327.0
2241,"5wzj , 5ytv",1247.0
2242,"5wzj , 5ytt",3757.0
2243,"5wzj , 5yts",2757.0
2244,"5wzk , 1exd",152.9
2245,"5wzk , 1il2",2840.0
2246,"5wzk , 1jbr",840.0
2247,"5wzk , 1je8",159.85
2248,"5wzk , 1knz",81.0
2249,"5wzk , 1omh",90.0
2250,"5wzk , 1osb",90.0
2251,"5wzk , 1rkj",940.0
2252,"5wzk , 1s03",40.0
2253,"5wzk , 1s40",159.7
2254,"5wzk , 1u63",159.48
2255,"5wzk , 1u6p",85.0
2256,"5wzk , 1wwd",90.0
2257,"5wzk , 1wwe",10.0
2258,"5wzk , 1wwf",66.0
2259,"5wzk , 1wwg",65.0
2260,"5wzk , 1zzi",2040.0
2261,"5wzk , 2b6g",130.0
2262,"5wzk , 2err",158.91
2263,"5wzk , 2gkd",13840.0
2264,"5wzk , 2glo",130.0
2265,"5wzk , 2kh9",89840.0
2266,"5wzk , 2kkf",43840.0
2267,"5wzk , 2kx5",159.0
2268,"5wzk , 2l41",762840.0
2269,"5wzk , 2la5",156.2
2270,"5wzk , 2leb",110.0
2271,"5wzk , 2lec",60.0
2272,"5wzk , 2mki",15640.0
2273,"5wzk , 2mkk",1420.0
2274,"5wzk , 3moj",159.946
2275,"5wzk , 3rn2",48.0
2276,"5wzk , 4hid",695.0
2277,"5wzk , 4hik",136.0
2278,"5wzk , 4him",123.0
2279,"5wzk , 4hio",139.0
2280,"5wzk , 4hj5",97.0
2281,"5wzk , 4hj7",154.0
2282,"5wzk , 4hj8",138.0
2283,"5wzk , 4pdb",50.0
2284,"5wzk , 5wwe",374.79999999999995
2285,"5wzk , 5wwg",59.80000000000001
2286,"5wzk , 5wzg",128.0
2287,"5wzk , 5wzj",147.0
2288,"5wzk , 5z6z",114.75999999999999
2289,"5wzk , 6eo6",159.0
2290,"5wzk , 6eo7",159.61
2291,"5wzk , 5ytx",1180.0
2292,"5wzk , 5ytv",1100.0
2293,"5wzk , 5ytt",3610.0
2294,"5wzk , 5yts",2610.0
2295,"5z6z , 1exd",38.14
2296,"5z6z , 1il2",2954.76
2297,"5z6z , 1jbr",954.76
2298,"5z6z , 1je8",45.09
2299,"5z6z , 1knz",33.76
2300,"5z6z , 1omh",24.759999999999998
2301,"5z6z , 1osb",24.759999999999998
2302,"5z6z , 1rkj",1054.76
2303,"5z6z , 1s03",154.76
2304,"5z6z , 1s40",44.940000000000005
2305,"5z6z , 1u63",44.72
2306,"5z6z , 1u6p",29.759999999999998
2307,"5z6z , 1wwd",204.76
2308,"5z6z , 1wwe",124.75999999999999
2309,"5z6z , 1wwf",48.76
2310,"5z6z , 1wwg",49.76
2311,"5z6z , 1zzi",2154.76
2312,"5z6z , 2b6g",15.240000000000002
2313,"5z6z , 2err",44.15
2314,"5z6z , 2gkd",13954.76
2315,"5z6z , 2glo",15.240000000000002
2316,"5z6z , 2kh9",89954.76
2317,"5z6z , 2kkf",43954.76
2318,"5z6z , 2kx5",44.24
2319,"5z6z , 2l41",762954.76
2320,"5z6z , 2la5",41.440000000000005
2321,"5z6z , 2leb",224.76
2322,"5z6z , 2lec",174.76
2323,"5z6z , 2mki",15754.76
2324,"5z6z , 2mkk",1534.76
2325,"5z6z , 3moj",45.186
2326,"5z6z , 3rn2",66.75999999999999
2327,"5z6z , 4hid",809.76
2328,"5z6z , 4hik",21.240000000000002
2329,"5z6z , 4him",8.240000000000002
2330,"5z6z , 4hio",24.240000000000002
2331,"5z6z , 4hj5",17.759999999999998
2332,"5z6z , 4hj7",39.24
2333,"5z6z , 4hj8",23.240000000000002
2334,"5z6z , 4pdb",64.75999999999999
2335,"5z6z , 5wwe",489.55999999999995
2336,"5z6z , 5wwg",174.56
2337,"5z6z , 5wzg",13.240000000000002
2338,"5z6z , 5wzj",32.24
2339,"5z6z , 5wzk",114.75999999999999
2340,"5z6z , 6eo6",44.24
2341,"5z6z , 6eo7",44.85
2342,"5z6z , 5ytx",1294.76
2343,"5z6z , 5ytv",1214.76
2344,"5z6z , 5ytt",3724.76
2345,"5z6z , 5yts",2724.76
2346,"6eo6 , 1exd",6.1
2347,"6eo6 , 1il2",2999.0
2348,"6eo6 , 1jbr",999.0
2349,"6eo6 , 1je8",0.85
2350,"6eo6 , 1knz",78.0
2351,"6eo6 , 1omh",69.0
2352,"6eo6 , 1osb",69.0
2353,"6eo6 , 1rkj",1099.0
2354,"6eo6 , 1s03",199.0
2355,"6eo6 , 1s40",0.7
2356,"6eo6 , 1u63",0.48
2357,"6eo6 , 1u6p",74.0
2358,"6eo6 , 1wwd",249.0
2359,"6eo6 , 1wwe",169.0
2360,"6eo6 , 1wwf",93.0
2361,"6eo6 , 1wwg",94.0
2362,"6eo6 , 1zzi",2199.0
2363,"6eo6 , 2b6g",29.0
2364,"6eo6 , 2err",0.09000000000000008
2365,"6eo6 , 2gkd",13999.0
2366,"6eo6 , 2glo",29.0
2367,"6eo6 , 2kh9",89999.0
2368,"6eo6 , 2kkf",43999.0
2369,"6eo6 , 2kx5",0.0
2370,"6eo6 , 2l41",762999.0
2371,"6eo6 , 2la5",2.8
2372,"6eo6 , 2leb",269.0
2373,"6eo6 , 2lec",219.0
2374,"6eo6 , 2mki",15799.0
2375,"6eo6 , 2mkk",1579.0
2376,"6eo6 , 3moj",0.946
2377,"6eo6 , 3rn2",111.0
2378,"6eo6 , 4hid",854.0
2379,"6eo6 , 4hik",23.0
2380,"6eo6 , 4him",36.0
2381,"6eo6 , 4hio",20.0
2382,"6eo6 , 4hj5",62.0
2383,"6eo6 , 4hj7",5.0
2384,"6eo6 , 4hj8",21.0
2385,"6eo6 , 4pdb",109.0
2386,"6eo6 , 5wwe",533.8
2387,"6eo6 , 5wwg",218.8
2388,"6eo6 , 5wzg",31.0
2389,"6eo6 , 5wzj",12.0
2390,"6eo6 , 5wzk",159.0
2391,"6eo6 , 5z6z",44.24
2392,"6eo6 , 6eo7",0.61
2393,"6eo6 , 5ytx",1339.0
2394,"6eo6 , 5ytv",1259.0
2395,"6eo6 , 5ytt",3769.0
2396,"6eo6 , 5yts",2769.0
2397,"6eo7 , 1exd",6.71
2398,"6eo7 , 1il2",2999.61
2399,"6eo7 , 1jbr",999.61
2400,"6eo7 , 1je8",0.24000000000000002
2401,"6eo7 , 1knz",78.61
2402,"6eo7 , 1omh",69.61
2403,"6eo7 , 1osb",69.61
2404,"6eo7 , 1rkj",1099.61
2405,"6eo7 , 1s03",199.61
2406,"6eo7 , 1s40",0.09000000000000002
2407,"6eo7 , 1u63",0.13
2408,"6eo7 , 1u6p",74.61
2409,"6eo7 , 1wwd",249.61
2410,"6eo7 , 1wwe",169.61
2411,"6eo7 , 1wwf",93.61
2412,"6eo7 , 1wwg",94.61
2413,"6eo7 , 1zzi",2199.61
2414,"6eo7 , 2b6g",29.61
2415,"6eo7 , 2err",0.7000000000000001
2416,"6eo7 , 2gkd",13999.61
2417,"6eo7 , 2glo",29.61
2418,"6eo7 , 2kh9",89999.61
2419,"6eo7 , 2kkf",43999.61
2420,"6eo7 , 2kx5",0.61
2421,"6eo7 , 2l41",762999.61
2422,"6eo7 , 2la5",3.4099999999999997
2423,"6eo7 , 2leb",269.61
2424,"6eo7 , 2lec",219.61
2425,"6eo7 , 2mki",15799.61
2426,"6eo7 , 2mkk",1579.61
2427,"6eo7 , 3moj",0.336
2428,"6eo7 , 3rn2",111.61
2429,"6eo7 , 4hid",854.61
2430,"6eo7 , 4hik",23.61
2431,"6eo7 , 4him",36.61
2432,"6eo7 , 4hio",20.61
2433,"6eo7 , 4hj5",62.61
2434,"6eo7 , 4hj7",5.61
2435,"6eo7 , 4hj8",21.61
2436,"6eo7 , 4pdb",109.61
2437,"6eo7 , 5wwe",534.41
2438,"6eo7 , 5wwg",219.41000000000003
2439,"6eo7 , 5wzg",31.61
2440,"6eo7 , 5wzj",12.61
2441,"6eo7 , 5wzk",159.61
2442,"6eo7 , 5z6z",44.85
2443,"6eo7 , 6eo6",0.61
2444,"6eo7 , 5ytx",1339.61
2445,"6eo7 , 5ytv",1259.61
2446,"6eo7 , 5ytt",3769.61
2447,"6eo7 , 5yts",2769.61
2448,"5ytx , 1exd",1332.9
2449,"5ytx , 1il2",1660.0
2450,"5ytx , 1jbr",340.0
2451,"5ytx , 1je8",1339.85
2452,"5ytx , 1knz",1261.0
2453,"5ytx , 1omh",1270.0
2454,"5ytx , 1osb",1270.0
2455,"5ytx , 1rkj",240.0
2456,"5ytx , 1s03",1140.0
2457,"5ytx , 1s40",1339.7
2458,"5ytx , 1u63",1339.48
2459,"5ytx , 1u6p",1265.0
2460,"5ytx , 1wwd",1090.0
2461,"5ytx , 1wwe",1170.0
2462,"5ytx , 1wwf",1246.0
2463,"5ytx , 1wwg",1245.0
2464,"5ytx , 1zzi",860.0
2465,"5ytx , 2b6g",1310.0
2466,"5ytx , 2err",1338.91
2467,"5ytx , 2gkd",12660.0
2468,"5ytx , 2glo",1310.0
2469,"5ytx , 2kh9",88660.0
2470,"5ytx , 2kkf",42660.0
2471,"5ytx , 2kx5",1339.0
2472,"5ytx , 2l41",761660.0
2473,"5ytx , 2la5",1336.2
2474,"5ytx , 2leb",1070.0
2475,"5ytx , 2lec",1120.0
2476,"5ytx , 2mki",14460.0
2477,"5ytx , 2mkk",240.0
2478,"5ytx , 3moj",1339.946
2479,"5ytx , 3rn2",1228.0
2480,"5ytx , 4hid",485.0
2481,"5ytx , 4hik",1316.0
2482,"5ytx , 4him",1303.0
2483,"5ytx , 4hio",1319.0
2484,"5ytx , 4hj5",1277.0
2485,"5ytx , 4hj7",1334.0
2486,"5ytx , 4hj8",1318.0
2487,"5ytx , 4pdb",1230.0
2488,"5ytx , 5wwe",805.2
2489,"5ytx , 5wwg",1120.2
2490,"5ytx , 5wzg",1308.0
2491,"5ytx , 5wzj",1327.0
2492,"5ytx , 5wzk",1180.0
2493,"5ytx , 5z6z",1294.76
2494,"5ytx , 6eo6",1339.0
2495,"5ytx , 6eo7",1339.61
2496,"5ytx , 5ytv",80.0
2497,"5ytx , 5ytt",2430.0
2498,"5ytx , 5yts",1430.0
2499,"5ytv , 1exd",1252.9
2500,"5ytv , 1il2",1740.0
2501,"5ytv , 1jbr",260.0
2502,"5ytv , 1je8",1259.85
2503,"5ytv , 1knz",1181.0
2504,"5ytv , 1omh",1190.0
2505,"5ytv , 1osb",1190.0
2506,"5ytv , 1rkj",160.0
2507,"5ytv , 1s03",1060.0
2508,"5ytv , 1s40",1259.7
2509,"5ytv , 1u63",1259.48
2510,"5ytv , 1u6p",1185.0
2511,"5ytv , 1wwd",1010.0
2512,"5ytv , 1wwe",1090.0
2513,"5ytv , 1wwf",1166.0
2514,"5ytv , 1wwg",1165.0
2515,"5ytv , 1zzi",940.0
2516,"5ytv , 2b6g",1230.0
2517,"5ytv , 2err",1258.91
2518,"5ytv , 2gkd",12740.0
2519,"5ytv , 2glo",1230.0
2520,"5ytv , 2kh9",88740.0
2521,"5ytv , 2kkf",42740.0
2522,"5ytv , 2kx5",1259.0
2523,"5ytv , 2l41",761740.0
2524,"5ytv , 2la5",1256.2
2525,"5ytv , 2leb",990.0
2526,"5ytv , 2lec",1040.0
2527,"5ytv , 2mki",14540.0
2528,"5ytv , 2mkk",320.0
2529,"5ytv , 3moj",1259.946
2530,"5ytv , 3rn2",1148.0
2531,"5ytv , 4hid",405.0
2532,"5ytv , 4hik",1236.0
2533,"5ytv , 4him",1223.0
2534,"5ytv , 4hio",1239.0
2535,"5ytv , 4hj5",1197.0
2536,"5ytv , 4hj7",1254.0
2537,"5ytv , 4hj8",1238.0
2538,"5ytv , 4pdb",1150.0
2539,"5ytv , 5wwe",725.2
2540,"5ytv , 5wwg",1040.2
2541,"5ytv , 5wzg",1228.0
2542,"5ytv , 5wzj",1247.0
2543,"5ytv , 5wzk",1100.0
2544,"5ytv , 5z6z",1214.76
2545,"5ytv , 6eo6",1259.0
2546,"5ytv , 6eo7",1259.61
2547,"5ytv , 5ytx",80.0
2548,"5ytv , 5ytt",2510.0
2549,"5ytv , 5yts",1510.0
2550,"5ytt , 1exd",3762.9
2551,"5ytt , 1il2",770.0
2552,"5ytt , 1jbr",2770.0
2553,"5ytt , 1je8",3769.85
2554,"5ytt , 1knz",3691.0
2555,"5ytt , 1omh",3700.0
2556,"5ytt , 1osb",3700.0
2557,"5ytt , 1rkj",2670.0
2558,"5ytt , 1s03",3570.0
2559,"5ytt , 1s40",3769.7
2560,"5ytt , 1u63",3769.48
2561,"5ytt , 1u6p",3695.0
2562,"5ytt , 1wwd",3520.0
2563,"5ytt , 1wwe",3600.0
2564,"5ytt , 1wwf",3676.0
2565,"5ytt , 1wwg",3675.0
2566,"5ytt , 1zzi",1570.0
2567,"5ytt , 2b6g",3740.0
2568,"5ytt , 2err",3768.91
2569,"5ytt , 2gkd",10230.0
2570,"5ytt , 2glo",3740.0
2571,"5ytt , 2kh9",86230.0
2572,"5ytt , 2kkf",40230.0
2573,"5ytt , 2kx5",3769.0
2574,"5ytt , 2l41",759230.0
2575,"5ytt , 2la5",3766.2
2576,"5ytt , 2leb",3500.0
2577,"5ytt , 2lec",3550.0
2578,"5ytt , 2mki",12030.0
2579,"5ytt , 2mkk",2190.0
2580,"5ytt , 3moj",3769.946
2581,"5ytt , 3rn2",3658.0
2582,"5ytt , 4hid",2915.0
2583,"5ytt , 4hik",3746.0
2584,"5ytt , 4him",3733.0
2585,"5ytt , 4hio",3749.0
2586,"5ytt , 4hj5",3707.0
2587,"5ytt , 4hj7",3764.0
2588,"5ytt , 4hj8",3748.0
2589,"5ytt , 4pdb",3660.0
2590,"5ytt , 5wwe",3235.2
2591,"5ytt , 5wwg",3550.2
2592,"5ytt , 5wzg",3738.0
2593,"5ytt , 5wzj",3757.0
2594,"5ytt , 5wzk",3610.0
2595,"5ytt , 5z6z",3724.76
2596,"5ytt , 6eo6",3769.0
2597,"5ytt , 6eo7",3769.61
2598,"5ytt , 5ytx",2430.0
2599,"5ytt , 5ytv",2510.0
2600,"5ytt , 5yts",1000.0
2601,"5yts , 1exd",2762.9
2602,"5yts , 1il2",230.0
2603,"5yts , 1jbr",1770.0
2604,"5yts , 1je8",2769.85
2605,"5yts , 1knz",2691.0
2606,"5yts , 1omh",2700.0
2607,"5yts , 1osb",2700.0
2608,"5yts , 1rkj",1670.0
2609,"5yts , 1s03",2570.0
2610,"5yts , 1s40",2769.7
2611,"5yts , 1u63",2769.48
2612,"5yts , 1u6p",2695.0
2613,"5yts , 1wwd",2520.0
2614,"5yts , 1wwe",2600.0
2615,"5yts , 1wwf",2676.0
2616,"5yts , 1wwg",2675.0
2617,"5yts , 1zzi",570.0
2618,"5yts , 2b6g",2740.0
2619,"5yts , 2err",2768.91
2620,"5yts , 2gkd",11230.0
2621,"5yts , 2glo",2740.0
2622,"5yts , 2kh9",87230.0
2623,"5yts , 2kkf",41230.0
2624,"5yts , 2kx5",2769.0
2625,"5yts , 2l41",760230.0
2626,"5yts , 2la5",2766.2
2627,"5yts , 2leb",2500.0
2628,"5yts , 2lec",2550.0
2629,"5yts , 2mki",13030.0
2630,"5yts , 2mkk",1190.0
2631,"5yts , 3moj",2769.946
2632,"5yts , 3rn2",2658.0
2633,"5yts , 4hid",1915.0
2634,"5yts , 4hik",2746.0
2635,"5yts , 4him",2733.0
2636,"5yts , 4hio",2749.0
2637,"5yts , 4hj5",2707.0
2638,"5yts , 4hj7",2764.0
2639,"5yts , 4hj8",2748.0
2640,"5yts , 4pdb",2660.0
2641,"5yts , 5wwe",2235.2
2642,"5yts , 5wwg",2550.2
2643,"5yts , 5wzg",2738.0
2644,"5yts , 5wzj",2757.0
2645,"5yts , 5wzk",2610.0
2646,"5yts , 5z6z",2724.76
2647,"5yts , 6eo6",2769.0
2648,"5yts , 6eo7",2769.61
2649,"5yts , 5ytx",1430.0
2650,"5yts , 5ytv",1510.0
2651,"5yts , 5ytt",1000.0
